"Date","Tair_mean (c)","Tair_min (c)","Tair_max (c)","Dew_tmean (c)","Dew_tmin (c)","Dew_tmax (c)","Dry_bulb_t (c)","Rainfall (mm)","Patm (mB)","Rh_mean (porc)","Rh_max (porc)","Rh_min (porc)","Ws_10 (m s-1)","Ws_2 (m s-1)","Ws_gust (m s-1)","Wd (degrees)","Sr (Mj m-2 day-1)","DOY","Ra (Mj m-2 day-1)","Station_code","Station","UF","Longitude (degrees)","Latitude (degrees)","Altitude (m)","eto"
2001-01-01,20.6791666666667,18.5,24.6,18.7125,17.2,20.3,20.6666666666667,55,885.404166666667,89.3333333333333,97,69,1.75,1.30852629600059,7.4,302.708333333333,14.95,1,41.1225798795242,"A001","BRASILIA","DF",-47.925833,-15.789444,1159.54,3.13494609127604
2001-01-02,20.7020833333333,18.6,24.7,18.2979166666667,17.2,19.6,20.6958333333333,3.2,885.966666666667,86.625,97,67,2.325,1.73847065040078,9,286.125,15.764,2,41.1191134926072,"A001","BRASILIA","DF",-47.925833,-15.789444,1159.54,3.34142371456499
2001-01-17,21.9104166666667,18.1,27.4,15.0458333333333,12.1,18.1,21.8375,0,888.120833333333,66.5416666666667,83,41,3.49166666666667,2.61082151440118,8.4,95.4166666666667,18.551,17,40.9686938527489,"A001","BRASILIA","DF",-47.925833,-15.789444,1159.54,4.95910293141391
2001-01-25,21.2270833333333,18.1,27.1,17.8083333333333,15.8,19.4,21.2375,0.8,887.533333333333,81.8333333333333,95,54,1.50833333333333,1.12782504560051,8.8,196.416666666667,18.786,25,40.7922050179654,"A001","BRASILIA","DF",-47.925833,-15.789444,1159.54,3.9607647426918
2001-01-26,23.06875,18,28.1,16.6791666666667,14.4,19.1,23.075,2.6,887.275,68.7916666666667,96,44,2.16666666666667,1.62008017600073,7.6,84.3333333333333,24.384,26,40.7642567376563,"A001","BRASILIA","DF",-47.925833,-15.789444,1159.54,5.16066300964541
2001-01-28,23.7854166666667,18.1,29.3,15.00625,11.8,18.7,23.8375,0,886.183333333333,60.125,85,37,1.97916666666667,1.47988093000067,7.7,131.291666666667,24.436,28,40.7040470405087,"A001","BRASILIA","DF",-47.925833,-15.789444,1159.54,5.38445753326194
2001-01-29,23.11875,17.7,29.4,16.48125,12.5,18.6,23.1583333333333,5,885.379166666667,68.9583333333333,95,35,1.80416666666667,1.34902830040061,9.8,179.166666666667,23.326,29,40.6717147809706,"A001","BRASILIA","DF",-47.925833,-15.789444,1159.54,5.10914181542353
2001-01-30,22.6979166666667,16.8,28.8,16.0208333333333,12.5,18.4,22.8333333333333,4.8,884.4375,67.3333333333333,94,38,2.19166666666667,1.63877340880074,8.9,109.708333333333,24.217,30,40.637850594869,"A001","BRASILIA","DF",-47.925833,-15.789444,1159.54,5.27331450513984
2001-01-31,23.0916666666667,19.1,29.7,17.1083333333333,14.4,19,23.0291666666667,0,884.958333333333,70.7083333333333,90,42,2.15416666666667,1.61073355960073,9.8,181.666666666667,25.291,31,40.6024195333137,"A001","BRASILIA","DF",-47.925833,-15.789444,1159.54,5.5117388298551
2001-02-01,21.8833333333333,18.1,29,17.4083333333333,15.3,18.8,21.8541666666667,15,884.495833333333,77.5,96,44,2.15833333333333,1.61384909840073,12.6,254.458333333333,23.219,32,40.5653869673365,"A001","BRASILIA","DF",-47.925833,-15.789444,1159.54,5.03832853984101
2001-02-02,21.775,18,28.1,17.3208333333333,14.9,19,21.8,3,884.633333333333,77.0833333333333,96,45,1.7125,1.28048644680058,10.7,250.25,19.603,33,40.5267186611087,"A001","BRASILIA","DF",-47.925833,-15.789444,1159.54,4.30343580835244
2001-02-03,24.3291666666667,19.5,30.6,15.5708333333333,8.4,19.7,24.4083333333333,0,884.841666666667,61.375,86,27,2.19166666666667,1.63877340880074,8.4,159.166666666667,27.979,34,40.4863808452925,"A001","BRASILIA","DF",-47.925833,-15.789444,1159.54,6.23793948805225
2001-02-04,24.8895833333333,17.9,30.5,13.0916666666667,5.6,18.5,24.9708333333333,0,886.179166666667,52.9166666666667,93,23,2.375,1.7758571160008,9,140.208333333333,30.257,35,40.444340290405,"A001","BRASILIA","DF",-47.925833,-15.789444,1159.54,6.57950016393443
2001-02-05,24.2708333333333,18.9,30.2,13.4833333333333,7.8,17.5,24.2041666666667,0,886.266666666667,52.1666666666667,77,32,1.97916666666667,1.47988093000067,11.2,266.5,22.758,36,40.400564380069,"A001","BRASILIA","DF",-47.925833,-15.789444,1159.54,5.35730860676971
2001-02-06,24.3458333333333,18,30.9,16.5041666666667,11,18.9,24.4083333333333,0,886.016666666667,64.5833333333333,92,32,1.65833333333333,1.23998444240056,6.7,205.125,26.629,37,40.3550211840272,"A001","BRASILIA","DF",-47.925833,-15.789444,1159.54,5.6845156628706
2001-02-07,23.3541666666667,18,31,16.3645833333333,13.3,18.8,23.3416666666667,3.6,885.845833333333,67.125,92,37,2.6,1.94409621120088,8.8,171,25.381,38,40.3076795307917,"A001","BRASILIA","DF",-47.925833,-15.789444,1159.54,5.8616511018764
2001-02-09,22.04375,18.2,28.6,17.3270833333333,14.5,19.2,22.1041666666667,0.2,885.075,76.1666666666667,97,42,1.82916666666667,1.36772153320062,10.2,201.208333333333,21.788,40,40.2074803929696,"A001","BRASILIA","DF",-47.925833,-15.789444,1159.54,4.71303349180086
2001-02-10,23.7229166666667,18.2,29.4,14.33125,9.1,18.6,23.7458333333333,0,885.195833333333,59.625,93,29,1.87083333333333,1.39887692120063,8.6,102.916666666667,25.946,41,40.154565005459,"A001","BRASILIA","DF",-47.925833,-15.789444,1159.54,5.57242246077726
2001-02-11,23.48125,16.8,29.5,11.4729166666667,7.5,14.1,23.4083333333333,0,885.7875,48.8333333333333,77,26,2.4625,1.84128343080083,10.4,109.416666666667,29.073,42,40.0997354956157,"A001","BRASILIA","DF",-47.925833,-15.789444,1159.54,6.3581966309376
2001-02-12,23.8,17.4,30.2,11.1020833333333,7.5,15,23.95,0,886.308333333333,46.3333333333333,74,25,1.80416666666667,1.34902830040061,8.5,96,29.263,43,40.0429655538732,"A001","BRASILIA","DF",-47.925833,-15.789444,1159.54,6.13001785720633
2001-02-13,24.2520833333333,18.8,29.6,12.1729166666667,9.3,15,24.2208333333333,0,885.504166666667,48.3333333333333,72,31,1.59166666666667,1.19013582160054,6.6,147.083333333333,22.581,44,39.984230050537,"A001","BRASILIA","DF",-47.925833,-15.789444,1159.54,5.08192008036231
2001-02-14,20.4354166666667,17.5,26.7,16.8020833333333,14.8,18,20.35,11,885.408333333333,81.0416666666667,93,53,1.8625,1.39264584360063,9.8,198.416666666667,12.301,45,39.9235051023091,"A001","BRASILIA","DF",-47.925833,-15.789444,1159.54,3.1243469536056
2001-02-15,20.9770833333333,16.1,26.8,15.4708333333333,12.9,17.6,21.1041666666667,0.2,885.429166666667,72.0833333333333,93,45,1.52916666666667,1.14340273960052,8.1,191.75,19.927,46,39.860768137431,"A001","BRASILIA","DF",-47.925833,-15.789444,1159.54,4.15939193103746
2001-02-16,20.4145833333333,17.5,27.1,16.8458333333333,14.8,18.6,20.3833333333333,1.2,886.683333333333,81.2916666666667,95,47,1.77083333333333,1.3241039900006,10.5,192.25,15.055,47,39.7959979593208,"A001","BRASILIA","DF",-47.925833,-15.789444,1159.54,3.56527550071905
2001-02-17,21.6,17.9,28.1,16.5083333333333,14.9,18.6,21.675,2,887.383333333333,74.0833333333333,91,45,1.3375,1.00008795480045,7.9,160.875,18.021,48,39.7291748085825,"A001","BRASILIA","DF",-47.925833,-15.789444,1159.54,3.9439583680375
2001-02-18,22.83125,17.1,28.3,16.1208333333333,13,18.7,22.8833333333333,0,888.308333333333,67.375,94,41,2.2125,1.65435110280075,8.6,112.5,26.119,49,39.6602804232679,"A001","BRASILIA","DF",-47.925833,-15.789444,1159.54,5.41369640276072
2001-02-19,23.3854166666667,16.8,29,12.9645833333333,7.8,16.7,23.4291666666667,0,887.675,55.4166666666667,88,27,1.9625,1.46741877480066,7.9,125.541666666667,29.927,50,39.5892980972745,"A001","BRASILIA","DF",-47.925833,-15.789444,1159.54,6.07374859935697
2001-02-20,22.2145833333333,18.1,26.7,15.63125,12.7,18.8,22.1958333333333,0.2,887.008333333333,67.1666666666667,89,48,2.04583333333333,1.52972955080069,14.6,193.5,23.065,51,39.5162127367654,"A001","BRASILIA","DF",-47.925833,-15.789444,1159.54,4.77449443090928
2001-02-21,21.5791666666667,18.2,28.8,16.3583333333333,14.2,18.2,21.4791666666667,14.6,886.608333333333,74.4583333333333,94,42,1.92083333333333,1.43626338680065,11.1,164.166666666667,22.559,52,39.4410109144989,"A001","BRASILIA","DF",-47.925833,-15.789444,1159.54,4.84968046648304
2001-02-22,20.8729166666667,16.6,27.8,16.5895833333333,14.2,18.8,20.7875,2.6,886.495833333333,78.3333333333333,93,45,2.2125,1.65435110280075,12.1,197.416666666667,20.467,53,39.3636809219616,"A001","BRASILIA","DF",-47.925833,-15.789444,1159.54,4.51200031750281
2001-02-23,21.8145833333333,17.7,27.3,16.8833333333333,13.7,18.5,21.8333333333333,0.2,886.983333333333,75.4583333333333,95,43,1.10833333333333,0.828733320800373,7.8,163.833333333333,16.02,54,39.2842128192001,"A001","BRASILIA","DF",-47.925833,-15.789444,1159.54,3.5194734683732
2001-02-24,22.3854166666667,18,29.6,16.0541666666667,11.3,18,22.3208333333333,18.4,886.679166666667,70.1666666666667,90,33,NA,NA,NA,NA,23.446,55,39.2025984822514,"A001","BRASILIA","DF",-47.925833,-15.789444,1159.54,NA
2001-02-25,21.025,17.7,27.9,16.2104166666667,13.8,18.2,20.9791666666667,1.6,886.15,75.4166666666667,93,44,2.08333333333333,1.5577694000007,9.2,180,22.305,56,39.1188316480777,"A001","BRASILIA","DF",-47.925833,-15.789444,1159.54,4.74659841292464
2001-02-26,22.3791666666667,17.4,28.2,16.1166666666667,12.7,18.7,22.4666666666667,1.8,885.270833333333,69.5,87,39,2.4625,1.84128343080083,13.4,114.166666666667,25.837,57,39.0329079569119,"A001","BRASILIA","DF",-47.925833,-15.789444,1159.54,5.50356213425609
2001-02-27,22.0395833333333,18.3,25.8,16.8625,13.7,18.2,21.9666666666667,5.8,886.245833333333,73.375,95,57,2.77916666666667,2.07806437960094,13,105.25,21.241,58,38.9448249919308,"A001","BRASILIA","DF",-47.925833,-15.789444,1159.54,4.38836589248813
2001-02-28,20.0916666666667,16.3,25.5,16.0645833333333,14.6,17.8,19.9666666666667,12,887.433333333333,78.75,96,55,2.97083333333333,2.221379164401,14.3,82.8333333333333,18.819,59,38.8545823161724,"A001","BRASILIA","DF",-47.925833,-15.789444,1159.54,4.03700839220171
2001-03-01,20.6854166666667,16.9,25.6,16.6916666666667,14.3,18.6,20.6625,3.6,886.991666666667,79.1666666666667,94,55,1.71666666666667,1.28360198560058,8,166.833333333333,17.912,60,38.7621815066224,"A001","BRASILIA","DF",-47.925833,-15.789444,1159.54,3.71720903884532
2001-03-02,20.2979166666667,17.2,26.6,16.7833333333333,14.4,19,20.2208333333333,4.8,888.125,82,95,52,1.84166666666667,1.37706814960062,8.8,143.916666666667,17.692,61,38.6676261853999,"A001","BRASILIA","DF",-47.925833,-15.789444,1159.54,3.79707997432069
2001-03-03,19.9895833333333,18.1,24.7,17.5145833333333,16.4,19.5,19.9833333333333,0.6,889.0375,86.4166666666667,94,66,2.93333333333333,2.19333931520099,10.1,111.708333333333,14.65,62,38.5709220479774,"A001","BRASILIA","DF",-47.925833,-15.789444,1159.54,3.24547330626435
2001-03-04,21.16875,18.4,26.4,17.6791666666667,15.9,20.1,21.1458333333333,2,888.104166666667,81.5,94,54,1.40416666666667,1.04993657560047,6,188.458333333333,15.019,63,38.4720768883765,"A001","BRASILIA","DF",-47.925833,-15.789444,1159.54,3.31061508756658
2001-03-05,19.8958333333333,17.2,26.6,17.6166666666667,15.9,20.3,19.8333333333333,12.8,886.825,87.5,96,54,1.6375,1.22440674840055,12.1,186.333333333333,11.536,64,38.3711006212872,"A001","BRASILIA","DF",-47.925833,-15.789444,1159.54,2.86428617361708
2001-03-06,21.35625,18.3,27,16.9479166666667,13.3,18.7,21.3125,4,887.6,78.5,96,44,1.95416666666667,1.46118769720066,8.6,176.958333333333,19.005,65,38.2680053010638,"A001","BRASILIA","DF",-47.925833,-15.789444,1159.54,4.16174229780804
2001-03-07,20.29375,17.5,25.9,17.3875,15.6,19.1,20.3,1.6,889.5,83.9583333333333,96,55,1.72083333333333,1.28671752440058,6.7,197.583333333333,17.754,66,38.162805137559,"A001","BRASILIA","DF",-47.925833,-15.789444,1159.54,3.67426911632328
2001-03-08,22.3041666666667,17.8,28.8,16.9708333333333,13.5,19.1,22.2875,0,888.204166666667,73.9166666666667,95,41,1.79583333333333,1.3427972228006,9.3,184.541666666667,21.233,67,38.0555165087612,"A001","BRASILIA","DF",-47.925833,-15.789444,1159.54,4.58196310769615
2001-03-09,21.6895833333333,17.6,27.8,17.05625,14.7,18.7,21.725,0,886.304166666667,75.4583333333333,95,46,1.69166666666667,1.26490875280057,7,127.708333333333,18.989,68,37.9461579702103,"A001","BRASILIA","DF",-47.925833,-15.789444,1159.54,4.09304960122089
2001-03-10,21.3875,17.8,27.1,17.5208333333333,15.2,19.2,21.3625,20,884.65,80.125,96,49,2.21666666666667,1.65746664160075,11.2,263.125,20.249,69,37.8347502611704,"A001","BRASILIA","DF",-47.925833,-15.789444,1159.54,4.31073572547301
2001-03-11,19.73125,17.5,23,17.9541666666667,16.8,19.7,19.6958333333333,61.2,884.1375,89.75,97,72,2.16666666666667,1.62008017600073,7,291.333333333333,10.655,70,37.7213163075471,"A001","BRASILIA","DF",-47.925833,-15.789444,1159.54,2.38704276699588
2001-03-12,19.49375,17.6,24.2,17.8875,16.5,19.2,19.4666666666667,18,884.5,90.9166666666667,97,66,2.95,2.20580147040099,9.5,143.958333333333,9.531,71,37.6058812215437,"A001","BRASILIA","DF",-47.925833,-15.789444,1159.54,2.50541003171309
2001-03-13,18.83125,17.3,22.7,17.6375,16.2,19.4,18.8208333333333,24.2,885.5625,92.875,96,74,3.50416666666667,2.62016813080118,10,34.4166666666667,9.537,72,37.4884722980556,"A001","BRASILIA","DF",-47.925833,-15.789444,1159.54,2.30306693370105
2001-03-14,19.6458333333333,17.6,22.1,16.98125,15.5,18.2,19.6375,6.6,886.370833333333,84.6666666666667,96,69,3.25833333333333,2.4363513416011,9.3,43.0416666666667,9.637,73,37.3691190078107,"A001","BRASILIA","DF",-47.925833,-15.789444,1159.54,2.39713085932783
2001-03-15,20.2104166666667,16,25.2,17.125,14.7,20.3,20.3166666666667,4.2,887.258333333333,82.25,94,63,2.5875,1.93474959480087,10.6,96.5416666666667,17.674,74,37.2478529872713,"A001","BRASILIA","DF",-47.925833,-15.789444,1159.54,3.62078674665687
2001-03-16,21.375,17.9,27,16.9291666666667,14.9,18.3,21.4333333333333,0.2,888.179166666667,76.6666666666667,93,49,3.02916666666667,2.26499670760102,8.6,92.125,19.921,75,37.1247080253166,"A001","BRASILIA","DF",-47.925833,-15.789444,1159.54,4.47639114354269
2001-03-17,22.7354166666667,17.9,28,14.9708333333333,11.9,17.1,22.7708333333333,0,887.5875,62.9583333333333,84,41,2.775,2.07494884080093,8.5,78.375,25.204,76,36.9997200467347,"A001","BRASILIA","DF",-47.925833,-15.789444,1159.54,5.42400186329135
2001-03-18,23.3479166666667,18.4,29.8,16.26875,14,18.7,23.3291666666667,0,885.475,65.375,83,41,1.8,1.34591276160061,6.4,110,22.468,77,36.8729270925581,"A001","BRASILIA","DF",-47.925833,-15.789444,1159.54,4.87503231133035
2001-03-19,20.7916666666667,18.3,26.7,17.3895833333333,16,19.5,20.7791666666667,3.6,885.8625,81,92,56,1.825,1.36460599440061,10.2,225.833333333333,13.064,78,36.7443692972847,"A001","BRASILIA","DF",-47.925833,-15.789444,1159.54,3.11828213094566
2001-03-20,20.2645833333333,17,24.6,17.3875,15.8,19,20.2666666666667,7.8,888.225,84.0416666666667,97,66,1.475,1.1029007352005,9.5,133.541666666667,10.486,79,36.6140888630289,"A001","BRASILIA","DF",-47.925833,-15.789444,1159.54,2.39953507791254
2001-03-21,21.8666666666667,17,27.1,15.9145833333333,11.8,19,21.8958333333333,0.2,888.020833333333,71.2916666666667,97,39,2.78333333333333,2.08117991840094,9.4,104.083333333333,26.451,80,36.4821300306604,"A001","BRASILIA","DF",-47.925833,-15.789444,1159.54,5.33750779830172
2001-03-22,22.1145833333333,16.2,27.7,14.7354166666667,11.6,17.2,22.0666666666667,0,886.55,65.7083333333333,90,40,2.30833333333333,1.72600849520078,8.8,110.583333333333,23.952,81,36.3485390479868,"A001","BRASILIA","DF",-47.925833,-15.789444,1159.54,4.96593719773903
2001-03-23,22.74375,16.5,28.2,14.71875,12.4,16.5,22.7791666666667,0,885.4625,62.375,93,40,2.32083333333333,1.73535511160078,7.9,103.208333333333,26.013,82,36.2133641350477,"A001","BRASILIA","DF",-47.925833,-15.789444,1159.54,5.26048809418627
2001-03-24,22.6791666666667,17.8,28,15.84375,12.6,17.9,22.7166666666667,2,886.004166666667,66.75,91,40,2.02083333333333,1.51103631800068,11.2,104.375,23.493,83,36.0766554465917,"A001","BRASILIA","DF",-47.925833,-15.789444,1159.54,4.85697917631576
2001-03-25,22.4020833333333,17.2,28.8,15.9520833333333,12.7,18.1,22.3791666666667,0,887.1625,68.7083333333333,93,39,1.57083333333333,1.17455812760053,11.2,105.625,20.026,84,35.9384650318118,"A001","BRASILIA","DF",-47.925833,-15.789444,1159.54,4.26729803217995
2001-03-26,21.1229166666667,17.1,27.5,16.3395833333333,13.6,17.8,21.1,0,887.045833333333,75.4166666666667,93,50,1.675,1.25244659760056,13.6,131.625,15.063,85,35.7988467914237,"A001","BRASILIA","DF",-47.925833,-15.789444,1159.54,3.42307137565715
2001-03-27,21.73125,16.5,27.6,16.3375,13.1,17.9,21.7,0,886.391666666667,73.2083333333333,96,43,0.9,0.672956380800303,7.4,203.291666666667,14.179,86,35.6578564321724,"A001","BRASILIA","DF",-47.925833,-15.789444,1159.54,3.06244033502084
2001-03-28,21.9708333333333,18.5,26.3,17.3979166666667,16.2,19.1,21.9375,2.4,885.891666666667,76.0416666666667,94,56,1.35,1.00943457120045,5.8,213.458333333333,16.152,87,35.5155514188598,"A001","BRASILIA","DF",-47.925833,-15.789444,1159.54,3.36351560557173
2001-03-29,20.80625,18.5,27.2,17.66875,15.9,19.8,20.7208333333333,4.6,887.354166666667,83.1666666666667,94,52,1.74166666666667,1.30229521840059,10,188.75,15.444,88,35.3719909239904,"A001","BRASILIA","DF",-47.925833,-15.789444,1159.54,3.44153135383822
2001-03-30,19.71875,16.9,25.8,17.33125,15.1,19.9,19.7291666666667,16.8,887.845833333333,87.0833333333333,95,65,1.64166666666667,1.22752228720055,16.2,143.583333333333,13.575,89,35.2272357751357,"A001","BRASILIA","DF",-47.925833,-15.789444,1159.54,2.87100678080809
2001-03-31,21.6645833333333,16.9,27.6,16.9458333333333,13.7,19.7,21.8083333333333,0,886.595833333333,76.2083333333333,97,47,2.1125,1.57957817160071,9.3,132.333333333333,20.885,90,35.0813484001221,"A001","BRASILIA","DF",-47.925833,-15.789444,1159.54,4.30593241383945
2001-04-01,21.66875,17.4,27.4,16.5708333333333,13.6,18.4,21.7416666666667,0,887.0375,73.4583333333333,89,51,2.17083333333333,1.62319571480073,9.6,101.416666666667,20.809,91,34.9343927701498,"A001","BRASILIA","DF",-47.925833,-15.789444,1159.54,4.30469187746174
2001-04-02,21.5208333333333,17.3,27.6,16.3625,14.3,17.9,21.3958333333333,11,887.929166666667,73.9166666666667,95,45,1.96666666666667,1.47053431360066,9.5,108.833333333333,20.083,92,34.7864343409569,"A001","BRASILIA","DF",-47.925833,-15.789444,1159.54,4.19435860250818
2001-04-03,20.6895833333333,16.7,27.4,16.425,13.1,18.5,20.65,0.4,888.079166666667,78.2083333333333,96,42,1.69166666666667,1.26490875280057,8.3,179.916666666667,19.486,93,34.6375399921406,"A001","BRASILIA","DF",-47.925833,-15.789444,1159.54,4.01116091862661
2001-04-04,21.3520833333333,17.1,27.9,16.4,14.2,19.8,21.3708333333333,26,887.075,74.4166666666667,95,48,2.22916666666667,1.66681325800075,12.6,139.166666666667,20.002,94,34.4877779647549,"A001","BRASILIA","DF",-47.925833,-15.789444,1159.54,4.22625335810791
2001-04-05,22.1354166666667,17.8,27.7,16.9895833333333,14.8,18.6,22.175,1.8,887.575,74.5416666666667,96,46,2.8375,2.12168192280096,9.4,113.583333333333,23.37,95,34.3372177973039,"A001","BRASILIA","DF",-47.925833,-15.789444,1159.54,4.83361051017
2001-04-06,22.7020833333333,18.2,27.8,16.0125,13.1,18.2,22.7416666666667,0,889.05,67.0833333333333,85,41,3.0375,2.27122778520102,10,94.2083333333333,24.127,96,34.1859302602519,"A001","BRASILIA","DF",-47.925833,-15.789444,1159.54,5.21438798348196
2001-04-07,22.9708333333333,18.1,28.3,15.29375,12.5,17,22.9291666666667,0,889.170833333333,63.875,86,39,3.125,2.33665410000105,10.3,107.583333333333,24.728,97,34.0339872891745,"A001","BRASILIA","DF",-47.925833,-15.789444,1159.54,5.38579044865576
2001-04-09,22.55625,17.3,27.6,12.3791666666667,9,14.9,22.5625,0,886.216666666667,53.4583333333333,73,32,2.50416666666667,1.87243881880084,8.8,84.5833333333333,24.296,99,33.7284282031939,"A001","BRASILIA","DF",-47.925833,-15.789444,1159.54,5.19806923263965
2001-04-10,23.0520833333333,18.6,28.4,12.4625,9,14.8,23.0583333333333,0,886.304166666667,52.7916666666667,70,30,1.80833333333333,1.35214383920061,6.8,76.7083333333333,21.921,100,33.5749611668281,"A001","BRASILIA","DF",-47.925833,-15.789444,1159.54,4.70491764131503
2001-04-11,22.9166666666667,16.6,29.3,12.4208333333333,8.2,16.4,22.8375,0,887.629166666667,54.5416666666667,82,29,1.37083333333333,1.02501226520046,8.5,126.5,22.803,101,33.4211367123045,"A001","BRASILIA","DF",-47.925833,-15.789444,1159.54,4.51125335869284
2001-04-12,23.2041666666667,19.2,28.3,15.6854166666667,13,18.9,23.2291666666667,6.8,887.6625,62.9166666666667,91,46,1.52083333333333,1.13717166200051,14.4,168.666666666667,16.81,102,33.2670315592149,"A001","BRASILIA","DF",-47.925833,-15.789444,1159.54,3.66640347569008
2001-04-13,23.1833333333333,18.7,29.8,15.7979166666667,9.4,18.7,23.2125,4,885.970833333333,65.6666666666667,93,29,1.47083333333333,1.0997851964005,10.1,163.083333333333,21.482,103,33.112723169651,"A001","BRASILIA","DF",-47.925833,-15.789444,1159.54,4.45156110614211
2001-04-14,20.5104166666667,18.2,23.8,17.40625,15.6,19,20.4208333333333,2.8,885.675,82.8333333333333,95,66,3.45416666666667,2.58278166520116,8.4,105.25,13.942,104,32.9582896753586,"A001","BRASILIA","DF",-47.925833,-15.789444,1159.54,3.02740992149913
2001-04-15,19.7958333333333,16.9,24.6,15.3645833333333,13.4,16.7,19.8833333333333,0,887.541666666667,76.375,91,51,2.25833333333333,1.68862202960076,7.8,116.916666666667,16.637,105,32.8038098045381,"A001","BRASILIA","DF",-47.925833,-15.789444,1159.54,3.49216172333741
2001-04-16,20.5583333333333,16,26.5,15.2270833333333,12.7,16.8,20.5583333333333,0,889.191666666667,73.6666666666667,95,44,2.29583333333333,1.71666187880077,7.1,91.1666666666667,21.598,106,32.6493628084126,"A001","BRASILIA","DF",-47.925833,-15.789444,1159.54,4.26634532505345
2001-04-17,21.3791666666667,16.8,26.7,15.5729166666667,12.3,17.4,21.3541666666667,0,888.983333333333,71,89,43,2.1375,1.59827140440072,7.3,105.791666666667,19.114,107,32.495028387684,"A001","BRASILIA","DF",-47.925833,-15.789444,1159.54,4.0249263407223
2001-04-18,21.8541666666667,16.9,27.8,14.8833333333333,10.5,17.4,21.8958333333333,0,887.095833333333,66.4166666666667,90,35,1.65833333333333,1.23998444240056,6.5,131.833333333333,19.516,108,32.3408866189982,"A001","BRASILIA","DF",-47.925833,-15.789444,1159.54,4.04128122994832
2001-04-19,21.7416666666667,16.5,27.7,14.5333333333333,10.3,16.5,21.7416666666667,0,886.516666666667,65.4166666666667,88,35,1.14166666666667,0.853657631200385,7.4,163.25,18.041,109,32.1870178815337,"A001","BRASILIA","DF",-47.925833,-15.789444,1159.54,3.59559871248997
2001-04-20,22.49375,16.9,28.9,14.3375,10.3,17,22.5083333333333,0.2,886.458333333333,62.4583333333333,85,34,1.76666666666667,1.3209884512006,9.8,160.041666666667,20.859,110,32.0335027838295,"A001","BRASILIA","DF",-47.925833,-15.789444,1159.54,4.35100040187039
2001-04-21,20.6916666666667,16.9,27.3,16.4854166666667,12.2,18.8,20.7416666666667,88.2,887.270833333333,78.1666666666667,95,43,2.23333333333333,1.66992879680075,12.1,172.125,17.292,111,31.880422090962,"A001","BRASILIA","DF",-47.925833,-15.789444,1159.54,3.82064453846424
2001-04-22,20.7604166666667,17.8,26.5,16.8270833333333,14.8,18.6,20.7541666666667,0,886.295833333333,79.3333333333333,94,51,2.14166666666667,1.60138694320072,14.4,279.458333333333,17.526,112,31.7278566521808,"A001","BRASILIA","DF",-47.925833,-15.789444,1159.54,3.64489681044615
2001-04-23,22.625,18.7,27.9,16.5375,14.7,18.5,22.6083333333333,0,887.279166666667,69.9583333333333,91,47,1.74166666666667,1.30229521840059,8,107.333333333333,18.133,113,31.5758873291061,"A001","BRASILIA","DF",-47.925833,-15.789444,1159.54,3.7908996720066
2001-04-24,22.61875,17.7,27.5,14.85,10.9,17,22.6583333333333,0,889,62.75,87,36,2.74166666666667,2.05002453040092,8.3,110.666666666667,21.427,114,31.4245949245903,"A001","BRASILIA","DF",-47.925833,-15.789444,1159.54,4.67092796172967
2001-04-25,21.6333333333333,17.6,26.6,12.4395833333333,6.4,15.8,21.5666666666667,0,890.091666666667,57.5416666666667,78,29,3.58333333333333,2.67936336800121,9.9,99.6666666666667,23.271,115,31.2740601123416,"A001","BRASILIA","DF",-47.925833,-15.789444,1159.54,5.34093763593132
2001-04-26,21.6375,17,26.6,13.8041666666667,10.7,16.1,21.6333333333333,0,889.4625,62.1666666666667,76,44,3.5875,2.68247890680121,9.9,91.625,21.036,116,31.1243633674007,"A001","BRASILIA","DF",-47.925833,-15.789444,1159.54,4.77510302762513
2001-04-29,20.94375,15,26.9,12.1895833333333,9.9,14.4,20.95,0,889.0625,58.7916666666667,79,35,2.30833333333333,1.72600849520078,8.5,125.375,22.624,119,30.6811018739613,"A001","BRASILIA","DF",-47.925833,-15.789444,1159.54,4.51455889820775
2001-04-30,21.0625,16,26.2,12.4875,9.8,14.6,21.1,0,888.191666666667,59.2916666666667,82,36,2.9625,2.215148086801,8.1,106.083333333333,22.646,120,30.5355557972342,"A001","BRASILIA","DF",-47.925833,-15.789444,1159.54,4.6995812483903
2001-05-01,21.40625,16.7,26.8,13.8958333333333,11.4,16.7,21.375,0,888.095833333333,63.0833333333333,81,46,3.55833333333333,2.6606701352012,9.6,92.3333333333333,19.939,121,30.3912448204294,"A001","BRASILIA","DF",-47.925833,-15.789444,1159.54,4.51586451533073
2001-05-02,21.41875,17.3,26.8,14.1604166666667,9.7,16.5,21.4041666666667,0,889.491666666667,65.4166666666667,91,35,3.75,2.80398492000126,9.7,98.2916666666667,21.257,122,30.2482468251612,"A001","BRASILIA","DF",-47.925833,-15.789444,1159.54,4.85491668827709
2001-05-03,21.9,17,27.5,14.1729166666667,12,16.6,21.9708333333333,0,889.241666666667,62.875,82,39,2.75833333333333,2.06248668560093,9.1,80.25,20.657,123,30.1066390385829,"A001","BRASILIA","DF",-47.925833,-15.789444,1159.54,4.49802031924942
2001-05-04,22.44375,17,28.2,15.4479166666667,14.1,16.9,22.3916666666667,0,887.291666666667,65.8333333333333,89,44,1.54166666666667,1.15274935600052,6.4,119.625,15.868,124,29.9664979735332,"A001","BRASILIA","DF",-47.925833,-15.789444,1159.54,3.39002820579005
2001-05-05,20.93125,18.2,24.8,15.8895833333333,14.2,17.3,20.9458333333333,0,885.7625,73.3333333333333,86,59,1.8625,1.39264584360063,6.7,183.541666666667,13.923,125,29.8278993701742,"A001","BRASILIA","DF",-47.925833,-15.789444,1159.54,2.93880835866879
2001-05-06,20.30625,13.4,27.6,12.7125,9.8,15.6,20.3666666666667,0,886.470833333333,64.5833333333333,92,34,1.66666666666667,1.24621552000056,7.2,213.083333333333,20.484,126,29.6909181391671,"A001","BRASILIA","DF",-47.925833,-15.789444,1159.54,3.89868061867127
2001-05-07,20.8041666666667,14.1,27.6,11.9291666666667,9.8,14,20.7791666666667,0,886.854166666667,58.0416666666667,81,37,1.4,1.04682103680047,5.6,182.833333333333,17.273,127,29.5556283064269,"A001","BRASILIA","DF",-47.925833,-15.789444,1159.54,3.45393239305143
2001-05-08,21.1083333333333,15.3,28.3,11.6375,9,14,21.0958333333333,0,886.258333333333,55.8333333333333,76,34,1.65416666666667,1.23686890360056,8.1,215.75,19.528,128,29.4221029594911,"A001","BRASILIA","DF",-47.925833,-15.789444,1159.54,3.93297706126583
2001-05-09,20.6833333333333,14.2,27.6,12.05,9.2,13.7,20.6208333333333,0,885.3875,59.9166666666667,84,32,1.34166666666667,1.00320349360045,8,224.708333333333,16.701,129,29.2904141955361,"A001","BRASILIA","DF",-47.925833,-15.789444,1159.54,3.37650586339934
2001-05-10,21.3583333333333,15.5,28.2,12.2125,8.7,14.8,21.3625,0,885.295833333333,57.4583333333333,81,31,1.45416666666667,1.08732304120049,8.9,258.833333333333,18.029,130,29.1606330710642,"A001","BRASILIA","DF",-47.925833,-15.789444,1159.54,3.64814033999075
2001-05-11,22.0375,16.1,28.4,12.73125,7.2,15.2,22.0333333333333,0,886.204166666667,58.125,78,27,2.15833333333333,1.61384909840073,8.7,301.958333333333,19.104,131,29.0328295532855,"A001","BRASILIA","DF",-47.925833,-15.789444,1159.54,4.2492515954148
2001-05-12,22.4666666666667,17.3,28.8,13.1645833333333,9.8,15.4,22.5125,0,887.545833333333,56.5,74,40,1.175,0.878581941600396,7.4,252.708333333333,16.44,132,28.9070724732083,"A001","BRASILIA","DF",-47.925833,-15.789444,1159.54,3.33756585275724
2001-05-13,21.9958333333333,17.9,27.2,15.8104166666667,14.1,18.6,21.9166666666667,4.8,888.7625,69.375,89,47,2.12916666666667,1.59204032680072,7.9,205.583333333333,11.915,133,28.7834294804514,"A001","BRASILIA","DF",-47.925833,-15.789444,1159.54,3.04504320932303
2001-05-14,20.6645833333333,17.1,25.8,16.025,14.3,17.2,20.7083333333333,0,888.504166666667,75.7916666666667,93,52,2.52083333333333,1.88490097400085,7.7,132.041666666667,17.785,134,28.6619669997844,"A001","BRASILIA","DF",-47.925833,-15.789444,1159.54,3.55675080217605
2001-05-15,21.6354166666667,16.6,28,15.45,13.1,17.4,21.6041666666667,0,887.129166666667,69.25,91,40,2.175,1.62631125360073,6.9,106.708333333333,18.255,135,28.5427501893982,"A001","BRASILIA","DF",-47.925833,-15.789444,1159.54,3.8597250285041
2001-05-16,21.9,16.3,27.8,15.9208333333333,13.6,17.7,21.9416666666667,0,886.7625,70.5,94,42,2.16666666666667,1.62008017600073,8.9,138.791666666667,18.532,136,28.425842900904,"A001","BRASILIA","DF",-47.925833,-15.789444,1159.54,3.80446472742567
2001-05-17,19.60625,15.9,23.6,16.2479166666667,14.6,18.1,19.575,18.2,888.720833333333,82.1666666666667,97,59,1.69166666666667,1.26490875280057,10.5,251,8.401,137,28.3113076410536,"A001","BRASILIA","DF",-47.925833,-15.789444,1159.54,2.04626391051044
2001-05-18,21.1166666666667,17.9,26.4,16.5604166666667,13.6,17.7,21.1208333333333,0,889.1625,76.625,95,46,1.5375,1.14963381720052,6.5,185.708333333333,16.845,138,28.1992055351711,"A001","BRASILIA","DF",-47.925833,-15.789444,1159.54,3.25317308936046
2001-05-19,20.6666666666667,15.3,26.7,14.2770833333333,11.3,16.2,20.6375,0,888.8875,69.625,94,42,1.79166666666667,1.3396816840006,5.5,159.625,19.862,139,28.089596292282,"A001","BRASILIA","DF",-47.925833,-15.789444,1159.54,3.66660326493643
2001-05-20,19.0791666666667,14.5,24.7,9.77291666666667,5.4,13.4,19.0458333333333,0,888.2625,57,86,33,2.275,1.70108418480077,7,126.875,20.923,140,27.9825381719193,"A001","BRASILIA","DF",-47.925833,-15.789444,1159.54,3.9189863840897
2001-05-21,18.6166666666667,13.7,25.4,9.47708333333333,7.3,11.7,18.6541666666667,0,887.758333333333,56.75,72,33,2.7625,2.06560222440093,8.8,94.125,20.552,141,27.8780879525872,"A001","BRASILIA","DF",-47.925833,-15.789444,1159.54,4.26253174577395
2001-05-22,19.3625,13.2,26.6,11.3020833333333,8.9,13.1,19.4125,0,887.3125,62.2083333333333,86,34,1.7,1.27113983040057,9.7,219.916666666667,20.115,142,27.7763009018559,"A001","BRASILIA","DF",-47.925833,-15.789444,1159.54,3.68023480914297
2001-05-23,20.5104166666667,15.1,26.9,11.7708333333333,6.7,15.8,20.5416666666667,0.6,887.333333333333,59.875,86,28,1.2125,0.906621790800409,5.9,140.958333333333,18.27,143,27.6772307480587,"A001","BRASILIA","DF",-47.925833,-15.789444,1159.54,3.32901454198072
2001-05-24,19.7208333333333,15.8,23.9,13.125,11.4,14.7,19.7041666666667,0,888.329166666667,67.375,88,47,2.55833333333333,1.91294082320086,7.8,115,11.927,144,27.5809296535612,"A001","BRASILIA","DF",-47.925833,-15.789444,1159.54,2.91760281256031
2001-05-25,20.1333333333333,16.2,25.8,14.0208333333333,12.6,15.5,20.1708333333333,0.8,888.975,69.625,88,46,2.97916666666667,2.227610242001,8,106.958333333333,17.862,145,27.487448189568,"A001","BRASILIA","DF",-47.925833,-15.789444,1159.54,3.77848246787507
2001-05-26,21.1395833333333,16.5,26.6,13.3416666666667,11,15.3,21.1041666666667,0,887.5,62.5833333333333,83,41,2.7875,2.08429545720094,8.1,96.9583333333333,18.396,146,27.3968353124303,"A001","BRASILIA","DF",-47.925833,-15.789444,1159.54,3.97632444128007
2001-05-27,18.05625,16.9,19.5,15.0041666666667,11.7,17.2,18.0416666666667,2.4,NA,83.4583333333333,95,61,1.54583333333333,1.15586489480052,4.9,154.708333333333,4.573,147,27.3091383414156,"A001","BRASILIA","DF",-47.925833,-15.789444,1159.54,NA
2001-05-28,19.4333333333333,16.8,24.1,16.4791666666667,14.9,18.7,19.4708333333333,5.4,NA,83.6666666666667,96,59,1.18333333333333,0.884813019200399,7.7,130.208333333333,11.254,148,27.2244029378996,"A001","BRASILIA","DF",-47.925833,-15.789444,1159.54,NA
2001-05-29,20.7333333333333,16.4,26.9,16.1229166666667,13.7,18.7,20.7666666666667,3.4,888.75,76.625,94,45,0.7875,0.588836833200265,5,170.375,13.302,149,27.1426730859371,"A001","BRASILIA","DF",-47.925833,-15.789444,1159.54,2.51019219503851
2001-05-30,21.74375,17.5,26.9,15.4208333333333,11.8,17.7,21.7583333333333,0,889.645833333333,68.4166666666667,90,40,2.57916666666667,1.92851851720087,8.8,116.5,19.205,150,27.0639910741689,"A001","BRASILIA","DF",-47.925833,-15.789444,1159.54,3.94844541701615
2001-05-31,21.21875,16.3,27,13.8958333333333,11.1,16.1,21.2541666666667,0,889.029166666667,64.75,87,39,2.47083333333333,1.84751450840083,7.9,119,19.67,151,26.9883974790189,"A001","BRASILIA","DF",-47.925833,-15.789444,1159.54,3.96709758633911
2001-06-01,20.80625,16.5,26.2,12.5583333333333,9.5,15.7,20.8208333333333,0,888.725,60.25,78,40,2.58333333333333,1.93163405600087,7.4,109.583333333333,18.589,152,26.9159311491362,"A001","BRASILIA","DF",-47.925833,-15.789444,1159.54,3.90736889506536
2001-06-02,20.8458333333333,16.6,26.2,12.8020833333333,8.7,15.1,20.8,0,889.2625,62.1666666666667,82,34,3.12916666666667,2.33976963880105,8.3,106.125,17.299,153,26.8466291910357,"A001","BRASILIA","DF",-47.925833,-15.789444,1159.54,4.10313998610075
2001-06-03,19.8229166666667,16,24.8,14.60625,12.6,16,19.7375,0,889.866666666667,73.1666666666667,91,54,3.47916666666667,2.60147489800117,10.1,106.416666666667,12.66,154,26.7805269558902,"A001","BRASILIA","DF",-47.925833,-15.789444,1159.54,3.09324257632078
2001-06-05,19.5770833333333,15,24.8,13.5145833333333,12.3,15.3,19.5791666666667,0,890.116666666667,69.0416666666667,87,47,3.3125,2.47685334600112,9.2,95.9166666666667,19.597,156,26.6580542108797,"A001","BRASILIA","DF",-47.925833,-15.789444,1159.54,3.84641158248419
2001-06-06,20.7770833333333,16.3,27.4,12.40625,9.1,15.4,20.7791666666667,0,889.516666666667,60.0833333333333,79,33,2.44166666666667,1.82570573680082,7,93.9166666666667,17.943,157,26.6017455229595,"A001","BRASILIA","DF",-47.925833,-15.789444,1159.54,3.97699333216374
2001-06-09,19.6208333333333,15,24.8,11.2020833333333,10,12.8,19.5916666666667,0,890.729166666667,59.375,78,40,3.2625,2.4394668804011,9.5,100.666666666667,19.217,160,26.4528633861237,"A001","BRASILIA","DF",-47.925833,-15.789444,1159.54,4.03159752748528
2001-06-10,18.65625,12.6,25,10.3354166666667,6.8,12.5,18.6583333333333,0,NA,60.2916666666667,86,33,2.20416666666667,1.64812002520074,7.4,120.333333333333,19.424,161,26.4099993109155,"A001","BRASILIA","DF",-47.925833,-15.789444,1159.54,NA
2001-06-11,18.6708333333333,13.2,24.5,10.3270833333333,9.2,12,18.7333333333333,0,890.1875,59.3333333333333,81,40,3.07916666666667,2.30238317320104,9.4,113.916666666667,18.935,162,26.3705533339125,"A001","BRASILIA","DF",-47.925833,-15.789444,1159.54,3.83780876361672
2001-06-12,18.2916666666667,14.2,23.3,11.68125,9.3,14,18.3416666666667,0,890.095833333333,66.0416666666667,80,49,3.79166666666667,2.83514030800128,9.8,101.166666666667,17.536,163,26.3345445809605,"A001","BRASILIA","DF",-47.925833,-15.789444,1159.54,3.67624062250351
2001-06-13,18.90625,14.5,24.3,11.5708333333333,9.7,13.5,18.9041666666667,0,889.870833333333,63.875,82,41,3.21666666666667,2.40519595360108,9.2,97.25,18.941,164,26.301990343764,"A001","BRASILIA","DF",-47.925833,-15.789444,1159.54,3.8629297567873
2001-06-14,19.2416666666667,14,25.4,10.25625,6.2,13.3,19.2583333333333,0,888.745833333333,58.125,84,30,2.5,1.86932328000084,7.9,97.2083333333333,18.481,165,26.272906076404,"A001","BRASILIA","DF",-47.925833,-15.789444,1159.54,3.80210282381359
2001-06-15,19.7104166666667,12.9,25.7,9.28541666666667,6.1,12.7,19.725,0,NA,53.8333333333333,85,29,2.225,1.66369771920075,7.5,95.625,18.628,166,26.2473053925076,"A001","BRASILIA","DF",-47.925833,-15.789444,1159.54,NA
2001-06-16,20.1125,15.3,25.1,9.9,7.1,12.1,20.1541666666667,0,888.195833333333,52.3333333333333,73,33,2.12916666666667,1.59204032680072,7.4,86.875,13.448,167,26.2252000630417,"A001","BRASILIA","DF",-47.925833,-15.789444,1159.54,3.24626827286154
2001-06-17,20.0770833333333,13.6,26.7,9.19583333333333,4.6,12.3,20.1,0,888.004166666667,52.3333333333333,84,25,1.22916666666667,0.919083946000414,6.5,127.166666666667,17.432,168,26.2066000147015,"A001","BRASILIA","DF",-47.925833,-15.789444,1159.54,3.125230565156
2001-06-18,20.10625,13.6,26.8,9.18333333333333,7.3,11.7,20.0333333333333,0,888.258333333333,51.1666666666667,74,30,1.25416666666667,0.937777178800423,6.5,136.791666666667,17.938,169,26.1915133288713,"A001","BRASILIA","DF",-47.925833,-15.789444,1159.54,3.18476828796978
2001-06-19,19.7166666666667,14.4,26.1,9.46666666666667,7,12.1,19.7458333333333,0,888.883333333333,53.375,79,31,2.15833333333333,1.61384909840073,7.6,125.708333333333,17.923,170,26.1799462411367,"A001","BRASILIA","DF",-47.925833,-15.789444,1159.54,3.66478819057747
2001-06-20,19.1166666666667,12.6,26.2,10.1541666666667,7.6,13.3,18.9166666666667,0,889.541666666667,59.2916666666667,89,32,1.77083333333333,1.3241039900006,6.8,140.833333333333,16.109,171,26.1719031413291,"A001","BRASILIA","DF",-47.925833,-15.789444,1159.54,3.22546608443248
2001-06-21,16.3229166666667,11,23.1,12.08125,10.6,13.3,16.3375,0,890.458333333333,78.125,98,50,2.06666666666667,1.5453072448007,6,156.041666666667,17.251,172,26.1673865740888,"A001","BRASILIA","DF",-47.925833,-15.789444,1159.54,2.9089646851654
2001-06-22,18.7208333333333,12.5,25.5,11.9729166666667,10.8,13,18.8291666666667,0,891.070833333333,66.9583333333333,93,41,2.42083333333333,1.81012804280082,8.4,122,18.568,173,26.1663972399347,"A001","BRASILIA","DF",-47.925833,-15.789444,1159.54,3.51501669750965
2001-06-23,20.0979166666667,13.3,26,12.15,10.8,13.9,20.075,0,890.545833333333,61.75,91,40,2.72916666666667,2.04067791400092,8.7,99.5416666666667,18.02,174,26.1689339968322,"A001","BRASILIA","DF",-47.925833,-15.789444,1159.54,3.66551871951845
2001-06-24,20.3875,16.9,25.6,12.8208333333333,10.2,15,20.3166666666667,0,890.95,63.5833333333333,81,38,3.35833333333333,2.51112427280113,10.4,101.666666666667,17.773,175,26.1749938622547,"A001","BRASILIA","DF",-47.925833,-15.789444,1159.54,4.07386124928119
2001-06-25,19.8583333333333,15.3,25.5,11.5458333333333,8.7,13.1,19.8291666666667,0,891.658333333333,60.375,81,35,3.00833333333333,2.24941901360101,9,84.7916666666667,18.508,176,26.1845720157362,"A001","BRASILIA","DF",-47.925833,-15.789444,1159.54,4.00269869873259
2001-06-26,19.7916666666667,14,26.5,10.1541666666667,6.9,12.7,19.7625,0,892.133333333333,56.4166666666667,81,31,1.43333333333333,1.07174534720048,6.5,128.541666666667,18.456,177,26.1976618019173,"A001","BRASILIA","DF",-47.925833,-15.789444,1159.54,3.30962849735552
2001-06-28,18.16875,11.3,25.6,8.25208333333333,5.3,12.1,18.1666666666667,0,890.308333333333,54.75,78,31,2.375,1.7758571160008,6.9,133,19.02,179,26.2343404982454,"A001","BRASILIA","DF",-47.925833,-15.789444,1159.54,3.78005680968746
2001-06-29,19.4729166666667,12.6,25.8,8.00416666666667,5.8,9.8,19.4875,0,890.125,48.7916666666667,71,29,2.61666666666667,1.95655836640088,8.7,107.666666666667,19.015,180,26.2579069576449,"A001","BRASILIA","DF",-47.925833,-15.789444,1159.54,4.00783499695322
2001-06-30,19.4479166666667,12.8,25.1,8.7,6.1,10.2,19.4666666666667,0,889.35,51.5833333333333,78,29,2.23333333333333,1.66992879680075,6.5,105.5,18.99,181,26.2849401579163,"A001","BRASILIA","DF",-47.925833,-15.789444,1159.54,3.69807769151939
2001-07-01,18.9291666666667,11.6,25.9,6.21666666666667,1.4,9.2,19.0041666666667,0,888.704166666667,46.25,80,21,1.91666666666667,1.43314784800065,7.7,113.166666666667,18.808,182,26.315424332703,"A001","BRASILIA","DF",-47.925833,-15.789444,1159.54,3.63784759659029
2001-07-02,18.46875,11.9,25.5,5.73333333333333,0.4,9.5,18.475,0,889.2,45.8333333333333,74,20,1.57916666666667,1.18078920520053,6.7,137.875,16.989,183,26.3493419098816,"A001","BRASILIA","DF",-47.925833,-15.789444,1159.54,3.30029187051336
2001-07-03,19.0416666666667,13.2,25,7.55833333333333,3.7,9.8,19.1583333333333,0,889.666666666667,48.125,71,32,1.97916666666667,1.47988093000067,7,121.625,13.809,184,26.3866735183714,"A001","BRASILIA","DF",-47.925833,-15.789444,1159.54,3.19432186721353
2001-07-04,19.35625,12.2,27.4,8.86041666666667,6.3,10.6,19.3041666666667,0,889.566666666667,53.375,82,27,2.025,1.51415185680068,7.3,117.958333333333,18.965,185,26.4273979955619,"A001","BRASILIA","DF",-47.925833,-15.789444,1159.54,3.79978060926873
2001-07-05,19.5979166666667,12.8,26.3,8.52083333333333,4.2,11.2,19.525,0,890.633333333333,51.25,77,25,2.0375,1.52349847320069,8.6,133.625,19.046,186,26.4714923953865,"A001","BRASILIA","DF",-47.925833,-15.789444,1159.54,3.76681037568767
2001-07-06,18.8020833333333,12.9,24.6,7.15,1.8,10.7,18.7625,0,889.954166666667,48.3333333333333,71,25,4.07083333333333,3.04388140760137,11.8,107.041666666667,19.484,187,26.5189319970724,"A001","BRASILIA","DF",-47.925833,-15.789444,1159.54,4.74466736693223
2001-07-07,18.5958333333333,13.3,24.7,9.19166666666667,6.6,12,18.5666666666667,0,891.075,56.5416666666667,76,32,3.97083333333333,2.96910847640134,10.3,101.083333333333,19.158,188,26.5696903145988,"A001","BRASILIA","DF",-47.925833,-15.789444,1159.54,4.4814659151401
2001-07-08,18.6833333333333,14.8,24.4,11.6583333333333,7.8,13.5,18.6208333333333,0,892.1875,65.8333333333333,88,36,3.65416666666667,2.73232752760123,9.5,100.208333333333,18.163,189,26.6237391068989,"A001","BRASILIA","DF",-47.925833,-15.789444,1159.54,4.04008868227015
2001-07-09,18.7166666666667,13.6,24.9,9.96458333333333,7.1,12.7,18.6791666666667,0,890.6375,58.9166666666667,80,33,2.62916666666667,1.96590498280089,8.4,109.333333333333,19.41,190,26.6810483888408,"A001","BRASILIA","DF",-47.925833,-15.789444,1159.54,3.89844575017182
2001-07-10,18.8895833333333,13.3,25.6,8.95,5.9,11.4,18.8375,0,888.6625,55.2083333333333,79,30,2.06666666666667,1.5453072448007,8,107.458333333333,18.995,191,26.7415864430259,"A001","BRASILIA","DF",-47.925833,-15.789444,1159.54,3.69590697704091
2001-07-11,19.2166666666667,12.1,26.7,8.01875,5.3,9.8,19.2,0,888.479166666667,51.4166666666667,79,27,1.51666666666667,1.13405612320051,8.1,171.708333333333,19.508,192,26.8053198324416,"A001","BRASILIA","DF",-47.925833,-15.789444,1159.54,3.50376369007333
2001-07-12,21.1770833333333,14.5,27.9,8.425,6,10.4,21.1666666666667,0,888.995833333333,46.0833333333333,66,27,1.41666666666667,1.05928319200048,6.1,234.083333333333,18.518,193,26.8722134140115,"A001","BRASILIA","DF",-47.925833,-15.789444,1159.54,3.51385378557766
2001-07-13,21.2166666666667,15.1,26.8,10.9375,8,14.1,21.2,0,889.425,53.5833333333333,78,31,2.20833333333333,1.65123556400074,7.2,134.333333333333,15.554,194,26.9422303530806,"A001","BRASILIA","DF",-47.925833,-15.789444,1159.54,3.61094608876839
2001-07-14,20.03125,15,25.5,10.6958333333333,8.2,12.7,20.0333333333333,0,889.483333333333,56.0416666666667,76,36,2.81666666666667,2.10610422880095,8.6,115.166666666667,18.807,195,27.0153321388792,"A001","BRASILIA","DF",-47.925833,-15.789444,1159.54,4.01955120352431
2001-07-15,18.8625,13.1,24.9,8.12916666666667,4.5,10.4,18.7833333333333,0,NA,51.75,75,28,3.30833333333333,2.47373780720111,9.5,107.791666666667,20.176,196,27.0914786010049,"A001","BRASILIA","DF",-47.925833,-15.789444,1159.54,NA
2001-07-16,18.5875,13.7,24.4,7.54375,5.2,10.2,18.6083333333333,0,NA,49.875,65,30,3.37083333333333,2.52047088920114,10.1,79.1666666666667,18.788,197,27.1706279269671,"A001","BRASILIA","DF",-47.925833,-15.789444,1159.54,NA
2001-07-17,19.5583333333333,14.5,25.8,9.3125,8,11.8,19.5833333333333,0,889.55,52.625,66,32,2.92916666666667,2.19022377640099,8,81.9166666666667,16.003,198,27.2527366808329,"A001","BRASILIA","DF",-47.925833,-15.789444,1159.54,4.0763293239268
2001-07-18,19.1,15.4,24.8,12.64375,10,16.6,19.0166666666667,13.6,889.166666666667,67.375,90,46,2.00833333333333,1.50168970160068,8.1,105.541666666667,11.384,199,27.3377598230168,"A001","BRASILIA","DF",-47.925833,-15.789444,1159.54,2.72341209652897
2001-07-19,20.05625,14,27.2,12.2375,8.1,15.3,20.0708333333333,0,889.0875,63.8333333333333,93,33,1.22083333333333,0.912852868400411,5.2,127.166666666667,14.685,200,27.4256507312545,"A001","BRASILIA","DF",-47.925833,-15.789444,1159.54,2.93495986302733
2001-07-20,21.4875,15.6,28.2,10.9145833333333,7.8,13.8,21.4,0,887.375,53.0833333333333,76,28,1.35,1.00943457120045,7,126.166666666667,18.864,201,27.5163612228004,"A001","BRASILIA","DF",-47.925833,-15.789444,1159.54,3.5705582730129
2001-07-21,22.4770833333333,16.9,28.7,10.3645833333333,8.4,13.7,22.5,0,NA,47.6666666666667,67,30,0.816666666666667,0.610645604800275,5.8,186.75,15.72,202,27.6098415778858,"A001","BRASILIA","DF",-47.925833,-15.789444,1159.54,NA
2001-07-22,23.125,17.8,29.5,9.09375,5.3,14.3,23.2166666666667,0,888.483333333333,42.0416666666667,72,23,1.39166666666667,1.04058995920047,6.6,145.458333333333,18.351,203,27.7060405644765,"A001","BRASILIA","DF",-47.925833,-15.789444,1159.54,3.73048601685312
2001-07-23,22.79375,16.1,29.3,7.6125,4.8,10.9,22.9083333333333,0,888.5875,38.7916666666667,65,21,2.24583333333333,1.67927541320076,9.1,121.833333333333,20.124,204,27.8049054643632,"A001","BRASILIA","DF",-47.925833,-15.789444,1159.54,4.51086522421103
2001-07-24,21.8458333333333,16.1,27.4,10.3083333333333,5.6,13.4,21.775,0,NA,49.7083333333333,74,30,3.50833333333333,2.62328366960118,9.6,83.0833333333333,18.642,205,27.9063821006192,"A001","BRASILIA","DF",-47.925833,-15.789444,1159.54,NA
2001-07-26,21.0291666666667,16.7,26.1,10.4833333333333,8,11.7,21,0,890.3625,51.875,69,32,3.82916666666667,2.86318015720129,9.3,79.875,20.013,207,28.1169467555029,"A001","BRASILIA","DF",-47.925833,-15.789444,1159.54,4.91581763862549
2001-07-27,20.5520833333333,14.7,26.3,8.61041666666667,4.2,11.1,20.525,0,890.791666666667,48.7083333333333,76,26,2.48333333333333,1.85686112480084,8,90.375,20.795,208,28.2259193935449,"A001","BRASILIA","DF",-47.925833,-15.789444,1159.54,4.32908077744901
2001-07-28,18.9645833333333,13,25.7,9.5875,5.6,12.7,18.8833333333333,0,890.816666666667,58.875,93,28,2.1875,1.63565787000074,7.1,139.208333333333,20.217,209,28.337273071729,"A001","BRASILIA","DF",-47.925833,-15.789444,1159.54,3.92593786696774
2001-07-29,19.8041666666667,12.2,26.6,8.94166666666667,4.6,12.6,19.8875,0,889.879166666667,53.75,92,25,2.6,1.94409621120088,9,116.833333333333,20.602,210,28.4509467812718,"A001","BRASILIA","DF",-47.925833,-15.789444,1159.54,4.28724443721503
2001-07-30,19.9520833333333,15.8,24.9,9.70416666666667,7.6,11.9,19.8875,0,891.329166666667,52.7083333333333,70,36,3.9125,2.92549093320132,10.3,88.5416666666667,18.201,211,28.5668782496774,"A001","BRASILIA","DF",-47.925833,-15.789444,1159.54,4.56902396587248
2001-07-31,18.6520833333333,13.9,23.7,11.08125,8.4,12.9,18.6458333333333,0,892.191666666667,63.5,88,38,3.875,2.89745108400131,10.7,83.7083333333333,14.114,212,28.6850039784832,"A001","BRASILIA","DF",-47.925833,-15.789444,1159.54,3.7510388957132
2001-08-01,19.6458333333333,13.9,24.9,9.3875,6.3,11.7,19.5833333333333,0,892.925,53.5833333333333,80,31,3.72916666666667,2.78840722600126,11.3,92.0833333333333,21.237,213,28.8052592825417,"A001","BRASILIA","DF",-47.925833,-15.789444,1159.54,4.68401535122887
2001-08-02,19.175,13.9,24.6,7.39583333333333,4.3,11.1,19.1541666666667,0,892.4875,48.0833333333333,66,29,3.74166666666667,2.79775384240126,11.8,105.5,21.533,214,28.9275783308444,"A001","BRASILIA","DF",-47.925833,-15.789444,1159.54,4.90565268989088
2001-08-03,18.8145833333333,14.2,24.6,8.3125,5.5,11.2,18.8041666666667,0,892.425,51.6666666666667,70,35,4.90833333333333,3.67010470640165,13,93.7916666666667,19.078,215,29.0518941888928,"A001","BRASILIA","DF",-47.925833,-15.789444,1159.54,5.00205303662855
2001-08-04,19.0354166666667,13.8,24.7,9.31666666666667,4.5,12.8,19.0583333333333,0,892.2125,55.875,87,30,4.70833333333333,3.52055884400159,11.6,95.6666666666667,20.15,216,29.1781388626112,"A001","BRASILIA","DF",-47.925833,-15.789444,1159.54,4.89298680093627
2001-08-08,18.7291666666667,13.7,24.4,6.51041666666667,4.3,9.2,18.75,0,891.970833333333,46.0833333333333,62,30,4.13333333333333,3.09061448960139,10.3,100.791666666667,21.975,220,29.7010113354417,"A001","BRASILIA","DF",-47.925833,-15.789444,1159.54,5.16826458755066
2001-08-09,19.2020833333333,14.2,24.8,7.475,5.3,8.8,19.15,0,891.879166666667,47.875,64,30,3.0875,2.30861425080104,9.3,101.75,22.115,221,29.8358463579317,"A001","BRASILIA","DF",-47.925833,-15.789444,1159.54,4.75093436386214
2001-08-10,18.98125,12.2,25.2,6.43958333333333,3.6,8.6,19,0,891.658333333333,46.5,73,25,2.52916666666667,1.89113205160085,7.6,106.041666666667,21.931,222,29.9721826318459,"A001","BRASILIA","DF",-47.925833,-15.789444,1159.54,4.45819868077924
2001-08-11,19.14375,12.9,24.8,6.71041666666667,4.7,8.7,19.3041666666667,0,NA,45.3333333333333,69,29,3.17083333333333,2.37092502680107,9.6,96.5,20.401,223,30.1099461030282,"A001","BRASILIA","DF",-47.925833,-15.789444,1159.54,NA
2001-08-12,19.2520833333333,13.9,25.1,6.76875,5.4,9,19.2791666666667,0,891.866666666667,45.4583333333333,64,29,3.37083333333333,2.52047088920114,10.3,99.9166666666667,20.827,224,30.2490620630242,"A001","BRASILIA","DF",-47.925833,-15.789444,1159.54,4.85611534067818
2001-08-13,19.2166666666667,14.4,24.5,7.41041666666667,4.8,10.5,19.1875,0,891.5875,47.7083333333333,70,30,4.075,3.04699694640137,10,97.5,21.293,225,30.3894552061028,"A001","BRASILIA","DF",-47.925833,-15.789444,1159.54,5.05733753829025
2001-08-14,18.2875,13.5,23.2,7.05833333333333,5.7,9.4,18.2833333333333,0,890.904166666667,49.0833333333333,70,33,4.1,3.06569017920138,10.2,97.0833333333333,22.024,226,30.5310496875631,"A001","BRASILIA","DF",-47.925833,-15.789444,1159.54,4.87012182341327
2001-08-15,18.4583333333333,13,24.1,6.41666666666667,4.7,9.1,18.45,0,891.516666666667,46.6666666666667,65,30,3.99166666666667,2.98468617040134,12.3,93.0833333333333,22.575,227,30.6737691832772,"A001","BRASILIA","DF",-47.925833,-15.789444,1159.54,5.11534576611174
2001-08-16,18.5604166666667,12.6,24.8,6.94375,5.2,8.6,18.5583333333333,0,891.770833333333,48.6666666666667,74,29,3.44166666666667,2.57343504880116,10.8,102.625,22.71,228,30.8175369504128,"A001","BRASILIA","DF",-47.925833,-15.789444,1159.54,4.90571013841643
2001-08-17,18.7895833333333,13,25,6.66875,5,7.9,18.8125,0,891.604166666667,46.7916666666667,68,28,3.6,2.69182552320121,10.2,97.9166666666667,22.89,229,30.9622758892748,"A001","BRASILIA","DF",-47.925833,-15.789444,1159.54,5.11923313570216
2001-08-19,19.7270833333333,14.2,25.9,10.00625,7.6,13.5,19.7958333333333,0,891.529166666667,55.5,84,33,4.23333333333333,3.16538742080143,9.9,98.2916666666667,20.607,231,31.2543574774551,"A001","BRASILIA","DF",-47.925833,-15.789444,1159.54,5.01020769512861
2001-08-20,19.7625,15.1,25.5,8.225,4.1,10.7,19.6541666666667,0,NA,49.9583333333333,73,26,3.725,2.78529168720125,10.1,109.666666666667,22.618,232,31.4015447140057,"A001","BRASILIA","DF",-47.925833,-15.789444,1159.54,NA
2001-08-21,19.9229166666667,13.8,26.4,6.35208333333333,3.7,8.9,19.9666666666667,0,891.379166666667,43.0416666666667,65,25,2.62083333333333,1.95967390520088,8.2,92.875,22.716,233,31.5493924271779,"A001","BRASILIA","DF",-47.925833,-15.789444,1159.54,4.90717227818698
2001-08-24,22.9708333333333,17.7,29.7,9.90208333333333,7.6,12.1,22.9041666666667,0,888.804166666667,45.0833333333333,66,26,2.475,1.85063004720083,9.2,161,17.115,236,31.9961194436576,"A001","BRASILIA","DF",-47.925833,-15.789444,1159.54,4.71165864634162
2001-08-25,21.1833333333333,15.7,29.7,12.0833333333333,8.7,15.7,21.15,0.8,888.929166666667,59.1666666666667,87,28,3.15416666666667,2.35846287160106,9.5,114.041666666667,18.671,237,32.1458305205799,"A001","BRASILIA","DF",-47.925833,-15.789444,1159.54,5.04728064465925
2001-08-26,20.7395833333333,15.7,27.6,13.0333333333333,10.5,16.3,20.6958333333333,1.2,NA,63.5416666666667,86,36,1.82916666666667,1.36772153320062,8.4,138.791666666667,16.037,238,32.295813481141,"A001","BRASILIA","DF",-47.925833,-15.789444,1159.54,NA
2001-08-27,22.03125,15,29.9,12.4083333333333,7.8,15.4,22.0791666666667,0,NA,59.0833333333333,93,26,1.99583333333333,1.49234308520067,9.8,159.333333333333,20.862,239,32.4459912531913,"A001","BRASILIA","DF",-47.925833,-15.789444,1159.54,NA
2001-08-28,20.5354166666667,18.2,26,13.0854166666667,10.5,14.8,20.45,2,889.366666666667,63.625,78,39,2.25416666666667,1.68550649080076,7.6,163.625,5.642,240,32.596287140495,"A001","BRASILIA","DF",-47.925833,-15.789444,1159.54,2.75242874221468
2001-08-29,21.7479166666667,17.9,27.7,12.9270833333333,9.9,15.3,21.7666666666667,0.2,888.2625,58.875,84,33,2.275,1.70108418480077,8,115.5,12.033,241,32.746624891829,"A001","BRASILIA","DF",-47.925833,-15.789444,1159.54,3.61578230828569
2001-08-30,17.1583333333333,14.8,21.2,14.7708333333333,13,15.9,17.0375,35.4,890.8625,87.0416666666667,96,64,2.7375,2.04690899160092,9.2,136,8.16,242,32.8969287700641,"A001","BRASILIA","DF",-47.925833,-15.789444,1159.54,2.12469810841564
2001-09-04,22.7791666666667,17.4,28.9,10.6270833333333,7.6,12.2,22.75,0,888.379166666667,48.125,69,27,2.3125,1.72912403400078,7,116.166666666667,18.155,247,33.6453339159071,"A001","BRASILIA","DF",-47.925833,-15.789444,1159.54,4.66422179807927
2001-09-05,22.90625,17,29,8.65625,4.6,11,22.9875,0,888.629166666667,41.2916666666667,63,23,2.95416666666667,2.208917009201,9.4,117.166666666667,24.061,248,33.7938815137803,"A001","BRASILIA","DF",-47.925833,-15.789444,1159.54,5.79005132359273
2001-09-06,22.65625,17.9,28.5,8.07083333333333,5.4,10.1,22.625,0,887.866666666667,40.4583333333333,58,24,3.00833333333333,2.24941901360101,9.4,112.083333333333,24.67,249,33.9418852211383,"A001","BRASILIA","DF",-47.925833,-15.789444,1159.54,5.90681208822899
2001-09-07,22.2875,17.1,28.2,8.55208333333333,6.4,10.5,22.3125,0,886.945833333333,43.25,65,26,2.84583333333333,2.12791300040096,12.1,103.291666666667,24.78,250,34.0892758616341,"A001","BRASILIA","DF",-47.925833,-15.789444,1159.54,5.67095602112215
2001-09-08,23.1791666666667,17.2,30.3,7.78125,4.6,10.4,23.2333333333333,0,886.4875,39.2083333333333,63,21,2.225,1.66369771920075,7.3,114.583333333333,24.886,251,34.2359853754495,"A001","BRASILIA","DF",-47.925833,-15.789444,1159.54,5.60152210816986
2001-09-09,24.3708333333333,16.9,31.8,6.49375,2.9,11.5,24.3916666666667,0,887.195833333333,34.0416666666667,58,17,1.5375,1.14963381720052,7.1,143.25,23.227,252,34.3819468819798,"A001","BRASILIA","DF",-47.925833,-15.789444,1159.54,5.03400213780626
2001-09-10,25.2041666666667,18.4,31.5,7.55833333333333,5.7,10.3,25.2208333333333,0,886.879166666667,33.7083333333333,53,21,1.20833333333333,0.903506252000407,7.5,139.458333333333,19.253,253,34.5270947412433,"A001","BRASILIA","DF",-47.925833,-15.789444,1159.54,4.31756998426299
2001-09-11,26.5354166666667,19.4,33,8.17916666666667,4.4,11.9,26.5208333333333,0,885.475,33.0416666666667,57,18,1.22916666666667,0.919083946000414,7.8,188.541666666667,18.418,254,34.671364613902,"A001","BRASILIA","DF",-47.925833,-15.789444,1159.54,4.36215856734566
2001-09-12,26.31875,21.1,33.1,9.825,6.9,13.4,26.2541666666667,0,884.5625,37.2916666666667,55,20,2.40416666666667,1.79766588760081,8.2,145.708333333333,21.339,255,34.8146935197802,"A001","BRASILIA","DF",-47.925833,-15.789444,1159.54,5.83979797553096
2001-09-13,23.0833333333333,18.9,27.8,14.7083333333333,12.1,16.9,23.0125,0,887.391666666667,60.4166666666667,78,44,2.34166666666667,1.75093280560079,8.5,239.166666666667,14.559,256,34.9570198947715,"A001","BRASILIA","DF",-47.925833,-15.789444,1159.54,3.87542613425754
2001-09-14,21.0958333333333,16.4,27.9,15.475,11.6,17.7,21.1083333333333,23.8,887.283333333333,70.9583333333333,91,44,2.32083333333333,1.73535511160078,14.3,196.916666666667,11.106,257,35.0982836460231,"A001","BRASILIA","DF",-47.925833,-15.789444,1159.54,3.30068722771241
2001-09-15,20.3416666666667,16.9,27.1,15.9270833333333,14.3,17.4,20.3083333333333,0.2,885.945833333333,76.5416666666667,91,49,1.87916666666667,1.40510799880063,10.1,156.166666666667,13.035,258,35.2384262052929,"A001","BRASILIA","DF",-47.925833,-15.789444,1159.54,3.22179117703637
2001-09-16,18.5875,14.6,22,15.6,11,16.9,18.5291666666667,2.8,887.783333333333,83.2083333333333,93,63,3.125,2.33665410000105,9.5,263.125,8.767,259,35.3773905803739,"A001","BRASILIA","DF",-47.925833,-15.789444,1159.54,2.40089724984701
2001-09-19,19.225,13.3,25.9,11.7229166666667,10.3,13.4,19.2708333333333,0,888.8,62.9166666666667,85,41,4.22083333333333,3.15604080440142,9.7,91.2916666666667,24.033,262,35.7866693411529,"A001","BRASILIA","DF",-47.925833,-15.789444,1159.54,5.2813169567197
2001-09-20,20.7895833333333,14.9,27.1,10.1083333333333,6.4,12.7,20.7666666666667,0,888.6,52.5,76,28,3.37916666666667,2.52670196680114,8.8,106.875,26.264,263,35.9203842614096,"A001","BRASILIA","DF",-47.925833,-15.789444,1159.54,5.86503808125699
2001-09-21,21.2229166666667,15.8,27.5,7.53333333333333,4.5,9.8,21.2208333333333,0,888.116666666667,42.625,58,24,2.86666666666667,2.14349069440097,8.6,91.25,26.152,264,36.0526613291373,"A001","BRASILIA","DF",-47.925833,-15.789444,1159.54,5.92619720652463
2001-09-22,22.1875,16.4,28.6,8.85625,6,12.2,22.2125,0,887.595833333333,43.25,57,29,2.70416666666667,2.02198468120091,9.3,121.791666666667,20.756,265,36.1834539677606,"A001","BRASILIA","DF",-47.925833,-15.789444,1159.54,5.33157709121182
2001-09-23,23.5604166666667,19.3,29.9,10.8208333333333,8.8,14.8,23.4875,0.6,886.570833333333,46.7916666666667,69,28,2.46666666666667,1.84439896960083,9,148.625,21.094,266,36.3127174745679,"A001","BRASILIA","DF",-47.925833,-15.789444,1159.54,5.35963893285118
2001-09-24,22.3229166666667,18,29,12.9916666666667,10.6,17.4,22.2791666666667,2,886.491666666667,56.4583333333333,73,33,2.57916666666667,1.92851851720087,8.5,158.5,16.886,267,36.440409053348,"A001","BRASILIA","DF",-47.925833,-15.789444,1159.54,4.69675212603996
2001-09-25,23.04375,19,28.3,13.5604166666667,10.9,16.9,22.9458333333333,0.4,886.6,57.5833333333333,87,35,2.2375,1.67304433560075,8.2,139.416666666667,14.045,268,36.5664878443238,"A001","BRASILIA","DF",-47.925833,-15.789444,1159.54,3.92766647923542
2001-09-26,22,18.4,28.1,15.8895833333333,13,17.5,21.9541666666667,2.6,887,70.4166666666667,90,41,1.98333333333333,1.48299646880067,8,152.25,16.452,269,36.6909149513213,"A001","BRASILIA","DF",-47.925833,-15.789444,1159.54,3.97160958510526
2001-09-27,20.6666666666667,17.6,25.4,16.29375,14.4,17.5,20.65,6,887.3375,77.2916666666667,94,54,2.50833333333333,1.87555435760085,6.8,128.041666666667,14.127,270,36.8136534661151,"A001","BRASILIA","DF",-47.925833,-15.789444,1159.54,3.36461796971177
2001-09-28,22.3958333333333,18,29.7,16.1541666666667,13.4,19.3,22.4166666666667,1.8,887.654166666667,69.75,93,38,2.8875,2.15906838840097,10.4,102.166666666667,20.175,271,36.9346684899013,"A001","BRASILIA","DF",-47.925833,-15.789444,1159.54,4.99511805845131
2001-09-29,20.5520833333333,18,23.6,16.7479166666667,14.7,17.8,20.5625,4.8,888.870833333333,79.25,94,64,2.74583333333333,2.05314006920092,7.1,128,8.979,272,37.0539271518487,"A001","BRASILIA","DF",-47.925833,-15.789444,1159.54,2.46439318765543
2001-09-30,21.39375,17.9,26.9,15.7125,13.4,17.3,21.4125,4,888.4875,72.0416666666667,93,46,2.89583333333333,2.16529946600098,7.8,81.4583333333333,12.689,273,37.1713986246915,"A001","BRASILIA","DF",-47.925833,-15.789444,1159.54,3.61206714985281
2001-10-01,20.4770833333333,18.6,22.7,16.175,14.7,17.8,20.4333333333333,0.6,888.266666666667,76.8333333333333,92,66,1.78333333333333,1.3334506064006,6.5,105.541666666667,8.289,274,37.2870541373263,"A001","BRASILIA","DF",-47.925833,-15.789444,1159.54,2.16886595350877
2001-10-02,22.0708333333333,17,27.9,15.8145833333333,13.1,18.6,22.0541666666667,0.6,887.2625,69.1666666666667,89,43,1.8375,1.37395261080062,11,281.5,12.329,275,37.4008669843883,"A001","BRASILIA","DF",-47.925833,-15.789444,1159.54,3.33787816165461
2001-10-03,21.3416666666667,16.8,26.6,16.4625,14.2,17.6,21.3041666666667,5.8,888.904166666667,75.625,95,47,2.59583333333333,1.94098067240087,8.3,261.166666666667,16.8,276,37.5128125327817,"A001","BRASILIA","DF",-47.925833,-15.789444,1159.54,3.95300184908759
2001-10-04,21.84375,17.2,29.8,16.3791666666667,10.9,18.9,21.7833333333333,1.2,888.375,73.5416666666667,95,32,2.1,1.57023155520071,12.8,217.916666666667,18.013,277,37.6228682251518,"A001","BRASILIA","DF",-47.925833,-15.789444,1159.54,4.49533415764097
2001-10-05,23.1020833333333,17.6,30.8,15.7979166666667,10.5,18.7,23.1333333333333,29,887.933333333333,65.875,94,30,1.82083333333333,1.36149045560061,11.8,166.625,17.301,278,37.7310135802872,"A001","BRASILIA","DF",-47.925833,-15.789444,1159.54,4.38248573333991
2001-10-06,23.0958333333333,17.7,29.8,14.9270833333333,11.5,17.2,23.0875,0.2,887.2625,62.3333333333333,91,33,2.05,1.53284508960069,8.6,155.583333333333,22.324,279,37.8372301904503,"A001","BRASILIA","DF",-47.925833,-15.789444,1159.54,5.04939374771771
2001-10-07,23.7520833333333,18.1,30,15.1541666666667,12,17,23.7375,0,886.079166666667,60.375,84,34,2.56666666666667,1.91917190080086,8.6,180.416666666667,21.438,280,37.9415017156383,"A001","BRASILIA","DF",-47.925833,-15.789444,1159.54,5.25388456222052
2001-10-08,20.5729166666667,18.1,26,17.3229166666667,15.9,18.7,20.475,3.4,886.558333333333,82.5,94,54,1.68333333333333,1.25867767520057,8,203.083333333333,11.622,281,38.0438138747857,"A001","BRASILIA","DF",-47.925833,-15.789444,1159.54,2.88498088116352
2001-10-10,20.1916666666667,15.8,27.7,15.89375,13.9,18,20.2166666666667,0.6,886.791666666667,78.0833333333333,93,45,1.75,1.30852629600059,9,101.208333333333,18.659,283,38.242513191315,"A001","BRASILIA","DF",-47.925833,-15.789444,1159.54,4.04848076687832
2001-10-11,21.4916666666667,17.9,26.5,16.2666666666667,13.9,17.4,21.55,0,887.108333333333,73.7083333333333,92,47,3.40416666666667,2.54539519960115,9.1,100.916666666667,22.694,284,38.3388819596038,"A001","BRASILIA","DF",-47.925833,-15.789444,1159.54,4.96284201812707
2001-10-12,20.325,18.1,22.9,16.8083333333333,16.1,17.6,20.3333333333333,0,887.983333333333,80.5416666666667,92,66,3.32916666666667,2.48931550120112,7.4,89.4166666666667,10.322,285,38.433254544997,"A001","BRASILIA","DF",-47.925833,-15.789444,1159.54,2.69421309325701
2001-10-16,17.8083333333333,15.6,21.5,15.3854166666667,14.1,17.4,17.8583333333333,1.2,886.645833333333,86.0416666666667,95,72,2.72916666666667,2.04067791400092,7.6,100.125,9.166,289,38.7907275475508,"A001","BRASILIA","DF",-47.925833,-15.789444,1159.54,2.19913521445201
2001-10-17,17.9604166666667,16.1,19.3,16.6625,15.4,17.7,17.8916666666667,16,885.520833333333,92.375,96,82,2.2125,1.65435110280075,6.4,77.3333333333333,5.12,290,38.8750942657893,"A001","BRASILIA","DF",-47.925833,-15.789444,1159.54,1.41736737912837
2001-10-18,18.2333333333333,15.6,23.3,16.78125,15,18.7,18.2541666666667,31.4,884.516666666667,91.7083333333333,97,68,1.51666666666667,1.13405612320051,7.3,130.833333333333,9.866,291,38.9574679762927,"A001","BRASILIA","DF",-47.925833,-15.789444,1159.54,2.25637431290306
2001-10-19,18.13125,16.4,21,16.73125,15.5,17.6,18.1125,23.8,883.3625,91.625,97,74,1.99166666666667,1.48922754640067,8.8,216.416666666667,5.973,292,39.0378556188584,"A001","BRASILIA","DF",-47.925833,-15.789444,1159.54,1.66062068113444
2001-10-20,20.4916666666667,16.4,26.5,15.5791666666667,13.6,16.9,20.5666666666667,0,883.816666666667,75.1666666666667,95,48,3.2,2.39273379840108,9.7,301,21.529,293,39.1162658598789,"A001","BRASILIA","DF",-47.925833,-15.789444,1159.54,4.69769396483554
2001-10-21,20.7375,17.2,27,16.2791666666667,15.2,19,20.6625,11,884.266666666667,77.5833333333333,94,51,3.2875,2.45816011320111,11.2,318.5,18.978,294,39.1927090473928,"A001","BRASILIA","DF",-47.925833,-15.789444,1159.54,4.4084161629236
2001-10-22,21.06875,16,27.5,15.2729166666667,12.2,16.8,21.0791666666667,0,884.308333333333,71.7083333333333,95,41,3.375,2.52358642800114,10.8,267.5,27.14,295,39.2671971638276,"A001","BRASILIA","DF",-47.925833,-15.789444,1159.54,5.70116962307598
2001-10-23,22.5729166666667,15.2,29.8,11.0645833333333,5.9,15,22.6125,0,885.804166666667,52.375,86,24,2.00416666666667,1.49857416280068,6.6,156.75,29.26,296,39.3397437765239,"A001","BRASILIA","DF",-47.925833,-15.789444,1159.54,6.05319498647868
2001-10-24,23.6395833333333,16.6,30.4,10.0604166666667,7.2,12.4,23.6541666666667,0,888.054166666667,43.9166666666667,68,26,1.68333333333333,1.25867767520057,7.6,142.791666666667,29.066,297,39.4103639861375,"A001","BRASILIA","DF",-47.925833,-15.789444,1159.54,5.99141743999533
2001-10-25,23.6354166666667,19.4,28.9,13.58125,10.4,17.7,23.5958333333333,0,888.879166666667,54.1666666666667,68,37,3.55,2.6544390576012,11.5,109.625,25.748,298,39.4790743730179,"A001","BRASILIA","DF",-47.925833,-15.789444,1159.54,6.33254654728103
2001-10-26,22.8333333333333,18,28.1,12.725,8.1,16.5,22.8125,0,888.0375,54.7916666666667,80,29,2.92916666666667,2.19022377640099,8.1,95.2083333333333,27.114,299,39.5458929416657,"A001","BRASILIA","DF",-47.925833,-15.789444,1159.54,6.11593825757318
2001-10-27,23.0041666666667,16.2,29.1,8.6625,5.7,12.6,22.975,0,886.854166666667,41.375,64,23,2.39583333333333,1.79143481000081,8.1,126.416666666667,29.176,300,39.6108390633738,"A001","BRASILIA","DF",-47.925833,-15.789444,1159.54,6.35338157616654
2001-10-28,23.0354166666667,17.3,29.2,10.0520833333333,6.9,12.3,23.0625,0,886.3375,45.6666666666667,67,26,2.05416666666667,1.53596062840069,7.2,107.208333333333,27.143,301,39.6739334171614,"A001","BRASILIA","DF",-47.925833,-15.789444,1159.54,5.9124320295923
2001-10-29,24.125,17.1,30.6,10.4354166666667,7.9,13.5,24.1416666666667,0,886.129166666667,43.1666666666667,68,25,1.83333333333333,1.37083707200062,6.9,160.75,25.95,302,39.7351979291108,"A001","BRASILIA","DF",-47.925833,-15.789444,1159.54,5.75789019595145
2001-10-30,21.8666666666667,18.6,26.7,14.3375,11.3,16.8,21.8666666666667,6.2,886.429166666667,62.8333333333333,82,38,2.3125,1.72912403400078,7.9,229.875,9.219,303,39.7946557102208,"A001","BRASILIA","DF",-47.925833,-15.789444,1159.54,3.30853619950926
2001-10-31,23.0916666666667,17.6,29.5,13.8125,11.1,16.5,23.0458333333333,0,885.8875,57.4583333333333,80,33,1.92083333333333,1.43626338680065,8,206.416666666667,23.352,304,39.8523309928909,"A001","BRASILIA","DF",-47.925833,-15.789444,1159.54,5.25134327881059
2001-11-01,22.2229166666667,17.7,27,15.6020833333333,13.4,18.8,22.1625,3.6,884.670833333333,66.7916666666667,84,48,2.25416666666667,1.68550649080076,18.3,147.833333333333,17.827,305,39.9082490661535,"A001","BRASILIA","DF",-47.925833,-15.789444,1159.54,4.20234310751355
2001-11-02,19.4708333333333,16.4,25.8,16.50625,14.5,18.1,19.3666666666667,28.4,884.7125,84.3333333333333,94,56,2.55416666666667,1.90982528440086,9.6,252.708333333333,18.619,306,39.9624362097721,"A001","BRASILIA","DF",-47.925833,-15.789444,1159.54,3.98036904852596
2001-11-03,20.4625,18.2,23.5,17.4833333333333,16.3,19.3,20.475,0.6,884.695833333333,83.0416666666667,91,69,2.10416666666667,1.57334709400071,8.7,269.791666666667,11.262,307,40.0149196273239,"A001","BRASILIA","DF",-47.925833,-15.789444,1159.54,2.65520715155057
2001-11-04,20.58125,16.6,27,16.9916666666667,15,18.6,20.5333333333333,9.6,885.429166666667,81.3333333333333,95,50,2.85416666666667,2.13414407800096,14.4,293.416666666667,16.855,308,40.0657273783881,"A001","BRASILIA","DF",-47.925833,-15.789444,1159.54,4.06171301375985
2001-11-05,21.36875,17.9,27.9,17.0791666666667,14.9,18.3,21.4541666666667,0.4,885.925,78,95,47,2.30416666666667,1.72289295640078,9.2,292.166666666667,17.23,309,40.1148883099586,"A001","BRASILIA","DF",-47.925833,-15.789444,1159.54,4.1134764499897
2001-11-06,21.9541666666667,18.6,28.8,17.09375,13.7,19.5,21.8625,2.6,886.716666666667,75.75,91,45,1.60416666666667,1.19948243800054,10,163.125,18.785,310,40.1624319872037,"A001","BRASILIA","DF",-47.925833,-15.789444,1159.54,4.22873983629411
2001-11-07,21.3,18.9,27.8,17.4895833333333,15.4,20.7,21.2875,2.6,887.504166666667,79.9583333333333,94,48,1.87083333333333,1.39887692120063,11.2,210.375,14.126,311,40.208388623692,"A001","BRASILIA","DF",-47.925833,-15.789444,1159.54,3.54217613313678
2001-11-14,21.5145833333333,18.3,26.4,16.4354166666667,14.4,18.7,21.4958333333333,1,883.829166666667,73.7916666666667,87,54,2.94583333333333,2.20268593160099,9.8,295.208333333333,16.893,318,40.4882895188292,"A001","BRASILIA","DF",-47.925833,-15.789444,1159.54,4.09737944963412
2001-11-15,21.2083333333333,17.9,26.7,16.6229166666667,14.6,18.5,21.1666666666667,2.6,884.391666666667,76.7916666666667,94,50,3.00833333333333,2.24941901360101,11.2,291.25,19.401,319,40.5226920830872,"A001","BRASILIA","DF",-47.925833,-15.789444,1159.54,4.44827849525535
2001-11-16,21.8208333333333,17.5,28,16.99375,14.5,19.1,21.7333333333333,21.8,885.729166666667,76.5416666666667,94,45,1.74583333333333,1.30541075720059,10.1,224,19.142,320,40.5557970834635,"A001","BRASILIA","DF",-47.925833,-15.789444,1159.54,4.25249718784622
2001-11-17,21.8458333333333,18.6,26.7,18.0354166666667,15.7,19.9,21.8833333333333,0.4,885.6625,80,95,54,1.69166666666667,1.26490875280057,8.3,209.375,16.317,321,40.5876373475164,"A001","BRASILIA","DF",-47.925833,-15.789444,1159.54,3.64946562869533
2001-11-18,20.1625,18.6,24.4,18.41875,17.4,20.4,20.05,10.2,885.679166666667,89.9583333333333,96,72,2.025,1.51415185680068,11.9,208.291666666667,9.568,322,40.6182455821948,"A001","BRASILIA","DF",-47.925833,-15.789444,1159.54,2.33580025912629
2001-11-19,20.2833333333333,18.4,25.2,17.6333333333333,15.6,19.2,20.2666666666667,6.2,886.6375,85.7916666666667,96,58,2.19583333333333,1.64188894760074,8.6,300.833333333333,13.169,323,40.6476543067206,"A001","BRASILIA","DF",-47.925833,-15.789444,1159.54,3.14467487351916
2001-11-21,19.2854166666667,17.8,21.9,17.3770833333333,15.5,19.5,19.25,4.8,886.679166666667,88.8333333333333,95,73,1.90833333333333,1.42691677040064,11.2,176.333333333333,8.999,325,40.7030019674223,"A001","BRASILIA","DF",-47.925833,-15.789444,1159.54,2.15148156553992
2001-11-22,19.8958333333333,17.4,24.2,16.9375,15.8,19.2,19.8833333333333,1.4,886.975,83.6666666666667,95,60,2.25833333333333,1.68862202960076,8.6,163.375,16.641,326,40.7290044128458,"A001","BRASILIA","DF",-47.925833,-15.789444,1159.54,3.52885746092638
2001-11-23,21.4895833333333,17.4,25.9,16.6875,14.8,18,21.475,4.2,884.054166666667,75.4166666666667,94,53,2.42916666666667,1.81635912040082,12,258.583333333333,20.528,327,40.7539342396868,"A001","BRASILIA","DF",-47.925833,-15.789444,1159.54,4.35536342636244
2001-11-24,19.4104166666667,16.4,22.8,17.43125,15.6,18.7,19.3916666666667,25,883.6625,88.5416666666667,96,71,1.77083333333333,1.3241039900006,12,160.458333333333,9.425,328,40.7778220573722,"A001","BRASILIA","DF",-47.925833,-15.789444,1159.54,2.236249562993
2001-11-25,20.4645833333333,16.7,25.4,16.7729166666667,15.8,18.6,20.5083333333333,0.2,884.5,80.4583333333333,96,58,2.0125,1.50480524040068,7,88.875,18.938,329,40.8006979075367,"A001","BRASILIA","DF",-47.925833,-15.789444,1159.54,3.89767493961067
2001-11-26,21.3541666666667,18.9,25.4,17.3541666666667,15.4,19.5,21.3416666666667,0.8,885.370833333333,78.7916666666667,93,60,3.22083333333333,2.40831149240109,9.9,72.2083333333333,17.59,330,40.8225912052784,"A001","BRASILIA","DF",-47.925833,-15.789444,1159.54,3.9531723219533
2001-11-27,22.6166666666667,18,27.9,14.8895833333333,10.9,17.3,22.6333333333333,0,885.583333333333,63.3333333333333,88,37,2.14583333333333,1.60450248200072,7,87.875,26.953,331,40.8435306819475,"A001","BRASILIA","DF",-47.925833,-15.789444,1159.54,5.63531557662801
2001-11-28,21.5,16.3,26.3,15.8083333333333,14,19.1,21.3958333333333,9,885.083333333333,72.4166666666667,93,49,1.50833333333333,1.12782504560051,8.8,194.75,16.94,332,40.8635443295404,"A001","BRASILIA","DF",-47.925833,-15.789444,1159.54,3.71770586502118
2001-11-29,20.00625,18.1,24.8,17.5916666666667,16.4,19.4,20.0666666666667,20.8,883.708333333333,86.3333333333333,95,62,1.80416666666667,1.34902830040061,10.4,196.583333333333,11.032,333,40.8826593467715,"A001","BRASILIA","DF",-47.925833,-15.789444,1159.54,2.69465820517568
2001-11-30,19.6,17.9,23.2,17.41875,16.9,18.6,19.5625,4.4,882.575,87.5833333333333,96,71,4.02083333333333,3.00649494200135,13.6,327.708333333333,11.581,334,40.9009020868889,"A001","BRASILIA","DF",-47.925833,-15.789444,1159.54,2.75820887093096
2001-12-01,19.6020833333333,18.2,23.1,17.7458333333333,17,18.9,19.6166666666667,6,883.016666666667,89.2083333333333,95,74,4.9125,3.67322024520165,14.7,310.208333333333,13.266,335,40.9182980073005,"A001","BRASILIA","DF",-47.925833,-15.789444,1159.54,2.94052026107354
2001-12-02,20.5708333333333,18.6,25.4,18.23125,16.9,20,20.6291666666667,8.8,884.641666666667,87.0833333333333,96,66,1.53333333333333,1.14651827840052,8.3,219.875,14.535,336,40.934871621069,"A001","BRASILIA","DF",-47.925833,-15.789444,1159.54,3.11874902176269
2001-12-03,22.1958333333333,17.3,27.5,17.5416666666667,16.2,19,22.2791666666667,0.2,884.770833333333,76.6666666666667,97,51,2.4375,1.82259019800082,8.4,111.708333333333,25.033,337,40.9506464503358,"A001","BRASILIA","DF",-47.925833,-15.789444,1159.54,5.1182270614175
2001-12-04,22.39375,18,27.7,15.8145833333333,12.7,17.6,22.3875,0,885.2875,68,92,42,3.25416666666667,2.4332358028011,8.9,63.0833333333333,25.746,338,40.9656449817264,"A001","BRASILIA","DF",-47.925833,-15.789444,1159.54,5.66726278186643
2001-12-05,22.9770833333333,18.8,28,16.2729166666667,12.5,18.1,22.925,0,885.05,67.5,91,39,3.34583333333333,2.50177765640113,8.5,42.7083333333333,24.22,339,40.9798886237911,"A001","BRASILIA","DF",-47.925833,-15.789444,1159.54,5.63905629819055
2001-12-06,21.3729166666667,18.5,24.6,17.55,16.2,18.6,21.3458333333333,2,885.225,79.625,93,62,1.64583333333333,1.23063782600055,7.9,201.916666666667,10.044,340,40.993397666527,"A001","BRASILIA","DF",-47.925833,-15.789444,1159.54,2.55685775309313
2001-12-07,20.5895833333333,17.5,25.5,17.6604166666667,16.2,19.4,20.5958333333333,27.2,885.083333333333,83.7083333333333,96,62,2.15833333333333,1.61384909840073,9.5,132.166666666667,11.137,341,41.0061912430284,"A001","BRASILIA","DF",-47.925833,-15.789444,1159.54,2.804969059769
2001-12-08,22.2979166666667,17.3,27.8,15.7229166666667,9.6,18,22.3875,0,884.829166666667,69.0833333333333,96,33,2.95,2.20580147040099,8.6,116.291666666667,28.071,342,41.0182872933069,"A001","BRASILIA","DF",-47.925833,-15.789444,1159.54,6.01816817405636
2001-12-09,22.8854166666667,18.1,27.7,12.95,10,15.3,22.8666666666667,0,884.85,54.5,72,35,2.66666666666667,1.9939448320009,8.5,72.0833333333333,28.271,343,41.0297025303215,"A001","BRASILIA","DF",-47.925833,-15.789444,1159.54,6.15658358162663
2001-12-10,23.4979166666667,18,28.4,14.05,11.8,15.9,23.4958333333333,0,885.55,56.4583333333333,77,37,2.94166666666667,2.19957039280099,8.6,85.7916666666667,25.156,344,41.0404524082541,"A001","BRASILIA","DF",-47.925833,-15.789444,1159.54,5.85823023444407
2001-12-11,23.8895833333333,19.7,28.3,15.1645833333333,13,17.3,23.9166666666667,0,886.1625,58.8333333333333,71,42,3.20416666666667,2.39584933720108,7.9,80.5833333333333,28.679,345,41.0505510930661,"A001","BRASILIA","DF",-47.925833,-15.789444,1159.54,6.43202252627648
2001-01-03,NA,NA,NA,NA,NA,NA,NA,0.4,NA,NA,NA,NA,NA,NA,NA,NA,NA,NA,NA,"A001","BRASILIA","DF",-47.925833,-15.789444,1159.54,NA
2001-01-04,NA,NA,NA,NA,NA,NA,NA,4.6,NA,NA,NA,NA,NA,NA,NA,NA,20.799,4,41.1100231083335,"A001","BRASILIA","DF",-47.925833,-15.789444,1159.54,NA
2001-01-05,NA,NA,NA,NA,NA,NA,NA,0,NA,NA,NA,NA,NA,NA,NA,NA,NA,NA,NA,"A001","BRASILIA","DF",-47.925833,-15.789444,1159.54,NA
2001-01-06,NA,NA,NA,NA,NA,NA,NA,0,NA,NA,NA,NA,NA,NA,NA,NA,NA,NA,NA,"A001","BRASILIA","DF",-47.925833,-15.789444,1159.54,NA
2001-01-07,NA,NA,NA,NA,NA,NA,NA,7.8,NA,NA,NA,NA,NA,NA,NA,NA,NA,NA,NA,"A001","BRASILIA","DF",-47.925833,-15.789444,1159.54,NA
2001-01-08,NA,NA,NA,NA,NA,NA,NA,0.4,NA,NA,NA,NA,NA,NA,NA,NA,NA,NA,NA,"A001","BRASILIA","DF",-47.925833,-15.789444,1159.54,NA
2001-01-09,NA,NA,NA,NA,NA,NA,NA,0,NA,NA,NA,NA,NA,NA,NA,NA,NA,NA,NA,"A001","BRASILIA","DF",-47.925833,-15.789444,1159.54,NA
2001-01-10,NA,NA,NA,NA,NA,NA,NA,0,NA,NA,NA,NA,NA,NA,NA,NA,19.694,10,41.0639500300689,"A001","BRASILIA","DF",-47.925833,-15.789444,1159.54,NA
2001-01-11,NA,NA,NA,NA,NA,NA,NA,0.4,NA,NA,NA,NA,NA,NA,NA,NA,13.563,11,41.0532746086002,"A001","BRASILIA","DF",-47.925833,-15.789444,1159.54,NA
2001-01-12,NA,NA,NA,NA,NA,NA,NA,0,NA,NA,NA,NA,NA,NA,NA,NA,NA,NA,NA,"A001","BRASILIA","DF",-47.925833,-15.789444,1159.54,NA
2001-01-13,NA,NA,NA,NA,NA,NA,NA,4.6,NA,NA,NA,NA,NA,NA,NA,NA,NA,NA,NA,"A001","BRASILIA","DF",-47.925833,-15.789444,1159.54,NA
2001-01-14,NA,NA,NA,NA,NA,NA,NA,0,NA,NA,NA,NA,NA,NA,NA,NA,NA,NA,NA,"A001","BRASILIA","DF",-47.925833,-15.789444,1159.54,NA
2001-01-15,NA,NA,NA,NA,NA,NA,NA,0,NA,NA,NA,NA,NA,NA,NA,NA,23.103,15,41.0010004067553,"A001","BRASILIA","DF",-47.925833,-15.789444,1159.54,NA
2001-01-16,NA,NA,NA,NA,NA,NA,NA,0,NA,NA,NA,NA,NA,NA,NA,NA,25.082,16,40.9853875462231,"A001","BRASILIA","DF",-47.925833,-15.789444,1159.54,NA
2001-01-18,NA,NA,NA,NA,NA,NA,NA,0,NA,NA,NA,NA,NA,NA,NA,NA,NA,NA,NA,"A001","BRASILIA","DF",-47.925833,-15.789444,1159.54,NA
2001-01-19,NA,NA,NA,NA,NA,NA,NA,0,NA,NA,NA,NA,NA,NA,NA,NA,NA,NA,NA,"A001","BRASILIA","DF",-47.925833,-15.789444,1159.54,NA
2001-01-22,NA,NA,NA,NA,NA,NA,NA,2.4,NA,NA,NA,NA,NA,NA,NA,NA,NA,NA,NA,"A001","BRASILIA","DF",-47.925833,-15.789444,1159.54,NA
2001-01-23,NA,NA,NA,NA,NA,NA,NA,0,NA,NA,NA,NA,NA,NA,NA,NA,NA,NA,NA,"A001","BRASILIA","DF",-47.925833,-15.789444,1159.54,NA
2001-01-24,NA,NA,NA,NA,NA,NA,NA,0,NA,NA,NA,NA,NA,NA,NA,NA,NA,NA,NA,"A001","BRASILIA","DF",-47.925833,-15.789444,1159.54,NA
2001-01-27,NA,NA,NA,NA,NA,NA,NA,0,NA,NA,NA,NA,NA,NA,NA,NA,24.67,27,40.7348825693317,"A001","BRASILIA","DF",-47.925833,-15.789444,1159.54,NA
2001-02-08,NA,NA,NA,NA,NA,NA,NA,4.8,NA,NA,NA,NA,NA,NA,NA,NA,NA,NA,NA,"A001","BRASILIA","DF",-47.925833,-15.789444,1159.54,NA
2001-04-08,NA,NA,NA,NA,NA,NA,NA,0,NA,NA,NA,NA,NA,NA,NA,NA,NA,NA,NA,"A001","BRASILIA","DF",-47.925833,-15.789444,1159.54,NA
2001-04-27,NA,NA,NA,NA,NA,NA,NA,0,NA,NA,NA,NA,NA,NA,NA,NA,21.416,117,30.975584897563,"A001","BRASILIA","DF",-47.925833,-15.789444,1159.54,NA
2001-04-28,NA,NA,NA,NA,NA,NA,NA,0,NA,NA,NA,NA,NA,NA,NA,NA,NA,NA,NA,"A001","BRASILIA","DF",-47.925833,-15.789444,1159.54,NA
2001-06-04,NA,NA,NA,NA,NA,NA,NA,0,NA,NA,NA,NA,NA,NA,NA,NA,NA,NA,NA,"A001","BRASILIA","DF",-47.925833,-15.789444,1159.54,NA
2001-06-07,NA,NA,NA,NA,NA,NA,NA,0,NA,NA,NA,NA,NA,NA,NA,NA,NA,NA,NA,"A001","BRASILIA","DF",-47.925833,-15.789444,1159.54,NA
2001-06-08,NA,NA,NA,NA,NA,NA,NA,0,NA,NA,NA,NA,NA,NA,NA,NA,18.408,159,26.4991246037157,"A001","BRASILIA","DF",-47.925833,-15.789444,1159.54,NA
2001-06-27,NA,NA,NA,NA,NA,NA,NA,0,NA,NA,NA,NA,NA,NA,NA,NA,18.254,178,26.2142547340897,"A001","BRASILIA","DF",-47.925833,-15.789444,1159.54,NA
2001-07-25,NA,NA,NA,NA,NA,NA,NA,0,NA,NA,NA,NA,NA,NA,NA,NA,NA,NA,NA,"A001","BRASILIA","DF",-47.925833,-15.789444,1159.54,NA
2001-08-05,NA,NA,NA,NA,NA,NA,NA,0,NA,NA,NA,NA,NA,NA,NA,NA,NA,NA,NA,"A001","BRASILIA","DF",-47.925833,-15.789444,1159.54,NA
2001-08-07,NA,NA,NA,NA,NA,NA,NA,0,NA,NA,NA,NA,NA,NA,NA,NA,NA,NA,NA,"A001","BRASILIA","DF",-47.925833,-15.789444,1159.54,NA
2001-08-18,NA,NA,NA,NA,NA,NA,NA,0,NA,NA,NA,NA,NA,NA,NA,NA,22.83,230,31.1079086062028,"A001","BRASILIA","DF",-47.925833,-15.789444,1159.54,NA
2001-08-22,NA,NA,NA,NA,NA,NA,NA,0,NA,NA,NA,NA,NA,NA,NA,NA,NA,NA,NA,"A001","BRASILIA","DF",-47.925833,-15.789444,1159.54,NA
2001-08-23,NA,NA,NA,NA,NA,NA,NA,0,NA,NA,NA,NA,NA,NA,NA,NA,NA,NA,NA,"A001","BRASILIA","DF",-47.925833,-15.789444,1159.54,NA
2001-08-31,NA,NA,NA,NA,NA,NA,NA,0,NA,NA,NA,NA,NA,NA,NA,NA,NA,NA,NA,"A001","BRASILIA","DF",-47.925833,-15.789444,1159.54,NA
2001-09-03,NA,NA,NA,NA,NA,NA,NA,0,NA,NA,NA,NA,NA,NA,NA,NA,NA,NA,NA,"A001","BRASILIA","DF",-47.925833,-15.789444,1159.54,NA
2001-09-17,NA,NA,NA,NA,NA,NA,NA,0,NA,NA,NA,NA,NA,NA,NA,NA,NA,NA,NA,"A001","BRASILIA","DF",-47.925833,-15.789444,1159.54,NA
2001-09-18,NA,NA,NA,NA,NA,NA,NA,0,NA,NA,NA,NA,NA,NA,NA,NA,NA,NA,NA,"A001","BRASILIA","DF",-47.925833,-15.789444,1159.54,NA
2001-10-09,NA,NA,NA,NA,NA,NA,NA,0.6,NA,NA,NA,NA,NA,NA,NA,NA,10.686,282,38.1441544339232,"A001","BRASILIA","DF",-47.925833,-15.789444,1159.54,NA
2001-10-13,NA,NA,NA,NA,NA,NA,NA,0,NA,NA,NA,NA,NA,NA,NA,NA,16.758,286,38.5256267235348,"A001","BRASILIA","DF",-47.925833,-15.789444,1159.54,NA
2001-10-13 23:00:00,NA,NA,NA,NA,NA,NA,NA,1,NA,NA,NA,NA,NA,NA,NA,NA,9.8,286,38.5256267235348,"A001","BRASILIA","DF",-47.925833,-15.789444,1159.54,NA
2001-10-15,NA,NA,NA,NA,NA,NA,NA,2.6,NA,NA,NA,NA,NA,NA,NA,NA,NA,NA,NA,"A001","BRASILIA","DF",-47.925833,-15.789444,1159.54,NA
2001-11-08,NA,NA,NA,NA,NA,NA,NA,0,NA,NA,NA,NA,NA,NA,NA,NA,NA,NA,NA,"A001","BRASILIA","DF",-47.925833,-15.789444,1159.54,NA
2001-11-13,NA,NA,NA,NA,NA,NA,NA,0,NA,NA,NA,NA,NA,NA,NA,NA,NA,NA,NA,"A001","BRASILIA","DF",-47.925833,-15.789444,1159.54,NA
2001-11-20,NA,NA,NA,NA,NA,NA,NA,3.8,NA,NA,NA,NA,NA,NA,NA,NA,NA,NA,NA,"A001","BRASILIA","DF",-47.925833,-15.789444,1159.54,NA
2001-12-12,NA,NA,NA,NA,NA,NA,NA,0,NA,NA,NA,NA,NA,NA,NA,NA,25.552,346,41.0600114353654,"A001","BRASILIA","DF",-47.925833,-15.789444,1159.54,NA
2001-12-13,NA,NA,NA,NA,NA,NA,NA,0,NA,NA,NA,NA,NA,NA,NA,NA,NA,NA,NA,"A001","BRASILIA","DF",-47.925833,-15.789444,1159.54,NA
2001-12-14,NA,NA,NA,NA,NA,NA,NA,1.2,NA,NA,NA,NA,NA,NA,NA,NA,NA,NA,NA,"A001","BRASILIA","DF",-47.925833,-15.789444,1159.54,NA
2001-12-15,NA,NA,NA,NA,NA,NA,NA,0.2,NA,NA,NA,NA,NA,NA,NA,NA,NA,NA,NA,"A001","BRASILIA","DF",-47.925833,-15.789444,1159.54,NA
2001-12-16,NA,NA,NA,NA,NA,NA,NA,0.4,NA,NA,NA,NA,NA,NA,NA,NA,NA,NA,NA,"A001","BRASILIA","DF",-47.925833,-15.789444,1159.54,NA
2001-12-17,NA,NA,NA,NA,NA,NA,NA,0.6,NA,NA,NA,NA,NA,NA,NA,NA,NA,NA,NA,"A001","BRASILIA","DF",-47.925833,-15.789444,1159.54,NA
2001-12-18,NA,NA,NA,NA,NA,NA,NA,0,NA,NA,NA,NA,NA,NA,NA,NA,14.134,352,41.1039164476187,"A001","BRASILIA","DF",-47.925833,-15.789444,1159.54,NA
2001-12-19,NA,NA,NA,NA,NA,NA,NA,8.8,NA,NA,NA,NA,NA,NA,NA,NA,NA,NA,NA,"A001","BRASILIA","DF",-47.925833,-15.789444,1159.54,NA
2001-12-20,NA,NA,NA,NA,NA,NA,NA,2.6,NA,NA,NA,NA,NA,NA,NA,NA,12.09,354,41.1138044170612,"A001","BRASILIA","DF",-47.925833,-15.789444,1159.54,NA
2001-12-21,NA,NA,NA,NA,NA,NA,NA,0,NA,NA,NA,NA,NA,NA,NA,NA,NA,NA,NA,"A001","BRASILIA","DF",-47.925833,-15.789444,1159.54,NA
2001-12-22,NA,NA,NA,NA,NA,NA,NA,3.2,NA,NA,NA,NA,NA,NA,NA,NA,NA,NA,NA,"A001","BRASILIA","DF",-47.925833,-15.789444,1159.54,NA
2001-12-23,NA,NA,NA,NA,NA,NA,NA,10.4,NA,NA,NA,NA,NA,NA,NA,NA,NA,NA,NA,"A001","BRASILIA","DF",-47.925833,-15.789444,1159.54,NA
2001-12-24,NA,NA,NA,NA,NA,NA,NA,4,NA,NA,NA,NA,NA,NA,NA,NA,NA,NA,NA,"A001","BRASILIA","DF",-47.925833,-15.789444,1159.54,NA
2001-12-25,NA,NA,NA,NA,NA,NA,NA,0.2,NA,NA,NA,NA,NA,NA,NA,NA,NA,NA,NA,"A001","BRASILIA","DF",-47.925833,-15.789444,1159.54,NA
2001-12-26,NA,NA,NA,NA,NA,NA,NA,0.2,NA,NA,NA,NA,NA,NA,NA,NA,13.773,360,41.1293282007581,"A001","BRASILIA","DF",-47.925833,-15.789444,1159.54,NA
2001-12-27,NA,NA,NA,NA,NA,NA,NA,0.2,NA,NA,NA,NA,NA,NA,NA,NA,NA,NA,NA,"A001","BRASILIA","DF",-47.925833,-15.789444,1159.54,NA
2001-12-28,NA,NA,NA,NA,NA,NA,NA,12.8,NA,NA,NA,NA,NA,NA,NA,NA,NA,NA,NA,"A001","BRASILIA","DF",-47.925833,-15.789444,1159.54,NA
2001-12-29,NA,NA,NA,NA,NA,NA,NA,18.8,NA,NA,NA,NA,NA,NA,NA,NA,6.072,363,41.1288763236527,"A001","BRASILIA","DF",-47.925833,-15.789444,1159.54,NA
2001-12-30,NA,NA,NA,NA,NA,NA,NA,1,NA,NA,NA,NA,NA,NA,NA,NA,NA,NA,NA,"A001","BRASILIA","DF",-47.925833,-15.789444,1159.54,NA
2001-12-31,NA,NA,NA,NA,NA,NA,NA,0,NA,NA,NA,NA,NA,NA,NA,NA,NA,NA,NA,"A001","BRASILIA","DF",-47.925833,-15.789444,1159.54,NA
