"Código","Nome","UF","Latitude","Longitude","Altitude","Fundação","DataFinal"
"A001","BRASILIA","DF",-15.7893,-47.9258,1160.96,"2000-05-07","2022-12-31"
"A042","BRAZLANDIA","DF",-15.5997,-48.1311,1143,"2017-07-19","2022-12-31"
"A045","AGUAS EMENDADAS","DF",-15.5965,-47.6258,1030.36,"2008-10-03","2022-12-31"
"A046","GAMA (PONTE ALTA)","DF",-15.9353,-48.1375,990,"2014-10-01","2022-12-31"
"A047","PARANOA (COOPA-DF)","DF",-16.0122,-47.5574,1043,"2017-02-07","2022-12-31"
"A002","GOIANIA","GO",-16.6428,-49.2202,727.3,"2001-05-29","2022-12-31"
"A003","MORRINHOS","GO",-17.7451,-49.1017,751.09,"2001-05-25","2022-12-31"
"A005","PORANGATU","GO",-13.3094,-49.1175,365,"2018-09-13","2022-12-31"
"A011","SAO SIMAO","GO",-18.9691,-50.6334,492.45,"2006-07-15","2022-12-31"
"A012","LUZIANIA","GO",-16.2606,-47.9669,1000.82,"2006-10-21","2022-12-31"
"A013","ARAGARCAS","GO",-15.9028,-52.2453,327.35,"2007-07-13","2022-12-31"
"A014","GOIAS","GO",-15.9397,-50.1414,512.86,"2007-07-18","2022-12-31"
"A015","ITAPACI","GO",-14.9797,-49.54,551.16,"2007-02-03","2022-12-31"
"A016","JATAI","GO",-17.9236,-51.7175,670.08,"2007-05-23","2022-12-31"
"A017","POSSE","GO",-14.0892,-46.3665,830,"2007-04-18","2022-12-31"
"A022","GOIANESIA","GO",-15.2203,-48.99,667.01,"2007-06-02","2022-12-31"
"A023","CAIAPONIA","GO",-16.9669,-51.8176,740.1,"2007-05-21","2022-12-31"
"A024","ALTO PARAISO DE GOIAS","GO",-14.1331,-47.5233,1264.7,"2007-06-04","2022-12-31"
"A025","RIO VERDE","GO",-17.7853,-50.965,780.11,"2007-05-17","2022-12-31"
"A026","MINEIROS","GO",-17.4547,-52.6011,862,"2007-11-24","2022-12-31"
"A027","PARAUNA","GO",-16.9625,-50.4256,678.74,"2008-03-29","2022-12-31"
"A028","IPORA","GO",-16.4231,-51.1489,610.41,"2013-06-24","2022-12-31"
"A029","EDEIA","GO",-17.3369,-49.9147,608,"2017-08-26","2022-12-31"
"A031","SAO MIGUEL DO ARAGUAIA","GO",-12.8206,-50.3358,210,"2017-06-29","2022-12-31"
"A032","MONTE ALEGRE DE GOIAS","GO",-13.2536,-46.8903,552,"2007-06-07","2022-12-31"
"A033","PIRES DO RIO","GO",-17.3042,-48.2842,757.27,"2007-10-12","2022-12-31"
"A034","CATALAO","GO",-18.1548,-47.9276,900.72,"2008-01-31","2022-12-31"
"A035","ITUMBIARA","GO",-18.4098,-49.1921,491.17,"2007-11-01","2022-12-31"
"A036","CRISTALINA","GO",-16.785,-47.6131,1211.08,"2007-12-14","2022-12-31"
"A037","SILVANIA","GO",-16.6797,-48.6182,952,"2010-10-08","2022-12-31"
"A056","CRISTALINA (FAZENDA SANTA MONICA)","GO",-16.3994,-47.6258,932,"2018-01-25","2022-12-31"
"A702","CAMPO GRANDE","MS",-20.4472,-54.7226,528.47,"2001-09-10","2022-12-31"
"A703","PONTA PORA","MS",-22.5524,-55.7163,668,"2001-09-07","2022-12-31"
"A704","TRES LAGOAS","MS",-20.7833,-51.7122,328.94,"2001-09-03","2022-12-31"
"A709","IVINHEMA","MS",-22.3006,-53.8228,377.36,"2003-02-08","2022-12-31"
"A710","PARANAIBA","MS",-19.6956,-51.1817,408.06,"2006-11-10","2022-12-31"
"A717","NHUMIRIM","MS",-18.9886,-56.6228,102.26,"2006-08-02","2022-12-31"
"A719","AQUIDAUANA","MS",-20.4756,-55.7839,151.35,"2006-11-01","2022-12-31"
"A720","COXIM","MS",-18.5122,-54.7361,251.48,"2006-11-06","2022-12-31"
"A721","DOURADOS","MS",-22.1939,-54.9114,463.3,"2006-10-18","2022-12-31"
"A722","MIRANDA","MS",-20.3956,-56.4317,132.49,"2006-11-02","2022-12-31"
"A723","PORTO MURTINHO","MS",-21.7059,-57.8865,78.56,"2006-10-24","2022-12-31"
"A724","CORUMBA","MS",-18.9967,-57.6375,111.73,"2006-10-26","2022-12-31"
"A730","CHAPADAO DO SUL","MS",-18.8022,-52.6025,820.82,"2006-12-20","2022-12-31"
"A731","MARACAJU","MS",-21.609,-55.1775,388.94,"2006-12-15","2022-12-31"
"A732","SAO GABRIEL DO OESTE","MS",-19.4203,-54.5531,646,"2006-12-18","2022-12-31"
"A742","CASSILANDIA","MS",-19.1225,-51.7207,494.72,"2008-03-08","2022-12-31"
"A743","RIO BRILHANTE","MS",-21.775,-54.5281,324.31,"2008-06-26","2022-12-31"
"A749","JUTI","MS",-22.8572,-54.6056,375.18,"2008-06-16","2022-12-31"
"A750","AMAMBAI","MS",-23.0025,-55.3294,433.59,"2008-06-11","2022-12-31"
"A751","SETE QUEDAS","MS",-23.9669,-55.0242,398.4,"2008-06-03","2022-12-31"
"A752","ITAQUIRAI","MS",-23.4495,-54.1819,337.82,"2008-05-28","2022-12-31"
"A754","SIDROLANDIA","MS",-20.9817,-54.9719,471.43,"2008-09-29","2022-12-31"
"A756","AGUA CLARA","MS",-20.4444,-52.8758,323.63,"2010-08-14","2022-12-31"
"A757","BELA VISTA","MS",-22.1017,-56.5408,206.09,"2011-08-09","2022-12-31"
"A758","JARDIM","MS",-21.4786,-56.1378,252.47,"2011-08-04","2022-12-31"
"A759","BATAGUASSU","MS",-21.75,-52.4714,392.13,"2013-03-21","2022-12-31"
"A760","COSTA RICA","MS",-18.4928,-53.1714,727.34,"2012-12-04","2022-12-31"
"A761","SONORA","MS",-17.6353,-54.7606,495.25,"2012-11-30","2022-12-31"
"S701","ANGELICA","MS",-22.1481,-53.7637,347,"2018-04-09","2021-12-31"
"S702","ARAL MOREIRA","MS",-22.955,-55.626,605,"2018-04-13","2021-12-31"
"S703","BANDEIRANTES","MS",-19.9455,-54.3685,624,"2018-01-29","2021-12-31"
"S704","BONITO","MS",-21.2468,-56.4504,329,"2018-08-06","2021-12-31"
"S705","BRASILANDIA","MS",-21.2983,-52.0689,345,"2018-04-06","2021-12-31"
"S706","CAARAPO","MS",-22.6571,-54.8193,456,"2018-03-03","2021-12-31"
"S707","CAMAPUA","MS",-19.5875,-54.0301,540,"2018-02-19","2021-12-31"
"S708","FATIMA DO SUL","MS",-22.3087,-54.3258,340,"2018-02-28","2021-12-31"
"S709","IGUATEMI","MS",-23.6445,-54.5703,319,"2018-02-19","2021-12-31"
"S710","ITAPORA","MS",-22.0928,-54.7988,360,"2018-02-26","2021-12-31"
"S711","LAGUNA CARAPA","MS",-22.5754,-55.1603,499,"2018-04-12","2021-12-31"
"S712","NOVA ALVORADA DO SUL","MS",-21.451,-54.342,5,"2018-02-23","2021-12-31"
"S713","NOVA ANDRADINA","MS",-22.0785,-53.4659,372,"2018-04-09","2021-12-31"
"S714","PEDRO GOMES","MS",-18.0727,-54.5488,251,"2018-02-02","2021-12-31"
"S715","RIBAS DO RIO PARDO","MS",-20.4667,-53.763,442,"2018-01-18","2021-12-31"
"S716","SANTA RITA DO PARDO","MS",-21.3059,-52.8204,383,"2018-02-19","2021-12-31"
"S717","SELVIRIA","MS",-20.3514,-51.4302,374,"2018-04-05","2021-12-31"
"A901","CUIABA","MT",-15.5593,-56.063,241.56,"2002-12-08","2022-12-31"
"A902","TANGARA DA SERRA","MT",-14.6501,-57.4317,440.01,"2002-12-11","2022-12-31"
"A903","S.J. DO RIO CLARO","MT",-13.4539,-56.6772,339.59,"2003-02-25","2022-12-31"
"A904","SORRISO","MT",-12.555,-55.7228,379.31,"2002-12-16","2022-12-31"
"A905","CAMPO NOVO DOS PARECIS","MT",-13.7858,-57.8386,525.41,"2002-12-13","2022-12-31"
"A906","GUARANTA DO NORTE","MT",-9.9525,-54.8978,283.58,"2002-12-20","2022-12-31"
"A907","RONDONOPOLIS","MT",-16.4625,-54.5803,289.88,"2003-11-17","2022-12-31"
"A908","AGUA BOA","MT",-14.0164,-52.2117,440,"2006-12-16","2022-12-31"
"A909","ALTO ARAGUAIA","MT",-17.3394,-53.2244,753.28,"2011-09-22","2022-12-31"
"A910","APIACAS","MT",-9.5633,-57.3936,217.75,"2006-10-24","2022-12-31"
"A911","SAPEZAL","MT",-13.3039,-58.7633,105,"2017-10-20","2022-12-31"
"A912","CAMPO VERDE","MT",-15.5314,-55.1356,748.27,"2006-11-21","2022-12-31"
"A913","COMODORO","MT",-13.7081,-59.7625,576.87,"2006-11-28","2022-12-31"
"A914","JUARA","MT",-11.2802,-57.5266,263.43,"2006-11-02","2022-12-31"
"A915","PARANATINGA","MT",-14.4215,-54.0361,476.91,"2006-12-19","2022-12-31"
"A916","QUERENCIA","MT",-12.6031,-52.1625,355,"2007-07-18","2022-12-31"
"A917","SINOP","MT",-11.9822,-55.5661,366.57,"2006-10-29","2022-12-31"
"A919","COTRIGUACU","MT",-9.9064,-58.5722,265,"2007-05-28","2022-12-31"
"A920","JUINA","MT",-11.375,-58.7747,365.39,"2006-11-24","2022-12-31"
"A921","SAO FELIX  DO ARAGUAIA","MT",-11.619,-50.7279,201.37,"2007-10-19","2022-12-31"
"A922","VILA BELA DA SANTISSIMA TRINDADE","MT",-15.0627,-59.8731,213,"2006-12-01","2022-12-31"
"A923","PRIMAVERA DO LESTE","MT",-15.58,-54.3811,680,"2017-10-26","2022-12-31"
"A924","ALTA FLORESTA","MT",-10.0772,-56.1792,291.85,"2007-05-23","2022-12-31"
"A926","CARLINDA","MT",-9.9706,-55.8275,293.71,"2008-04-09","2022-12-31"
"A927","BRASNORTE (NOVO MUNDO)","MT",-12.5219,-58.2314,426.2,"2008-02-29","2022-12-31"
"A928","NOVA MARINGA","MT",-13.0386,-57.0922,334.36,"2008-04-16","2022-12-31"
"A929","NOVA UBIRATA","MT",-13.4111,-54.7522,466.48,"2008-04-13","2022-12-31"
"A930","GAUCHA DO NORTE","MT",-13.1849,-53.2574,375.87,"2008-06-04","2022-12-31"
"A931","SANTO ANTONIO DO LESTE","MT",-14.9278,-53.8836,664.21,"2008-05-30","2022-12-31"
"A932","GUIRATINGA","MT",-16.3417,-53.7661,525.43,"2008-01-24","2022-12-31"
"A933","ITIQUIRA","MT",-17.175,-54.5017,593.12,"2008-08-14","2022-12-31"
"A934","ALTO TAQUARI","MT",-17.8411,-53.2894,862.42,"2008-01-29","2022-12-31"
"A935","PORTO ESTRELA","MT",-15.3247,-57.2258,147.75,"2008-05-30","2022-12-31"
"A936","SALTO DO CEU","MT",-15.1247,-58.1272,300.83,"2008-01-24","2022-12-31"
"A937","PONTES E LACERDA","MT",-15.2344,-59.3461,272.53,"2008-01-30","2022-12-31"
"A941","CACERES","MT",-16.0747,-57.6931,123.53,"2012-03-30","2020-12-31"
"A942","SAO JOSE DO XINGU","MT",-10.4842,-52.3725,300,"2019-02-19","2022-12-31"
"A943","SERRA NOVA DOURADA","MT",-11.9878,-51.4261,441,"2019-03-29","2022-12-31"
"A944","ROSARIO OESTE","MT",-14.8289,-56.4419,195,"2019-05-30","2022-12-31"
"A102","PARQUE ESTADUAL CHANDLESS","AC",-9.3583,-69.9264,184.51,"2008-08-05","2022-12-31"
"A104","RIO BRANCO","AC",-9.6797,-68.1653,163,"2008-07-11","2022-12-31"
"A108","CRUZEIRO DO SUL","AC",-7.6108,-72.6814,220,"2015-05-14","2022-12-31"
"A136","PORTO WALTER","AC",-8.2672,-72.7478,205.35,"2009-10-29","2022-12-31"
"A137","MARECHAL THAUMATURGO","AC",-8.95,-72.7867,220.98,"2009-10-27","2022-12-31"
"A138","FEIJO","AC",-8.1428,-70.3436,157.17,"2009-09-24","2022-12-31"
"A140","EPITACIOLANDIA","AC",-11.0239,-68.7353,224.5,"2009-09-25","2022-12-31"
"A101","MANAUS","AM",-3.1036,-60.0156,48.79,"2000-05-09","2022-12-31"
"A109","EIRUNEPE","AM",-6.6503,-69.8686,121.54,"2012-08-31","2022-12-31"
"A110","BOCA DO ACRE","AM",-8.7768,-67.3325,111.98,"2008-07-15","2022-12-31"
"A111","LABREA","AM",-7.2606,-64.7885,61.91,"2008-07-27","2022-12-31"
"A112","HUMAITA","AM",-7.5525,-63.0714,53.56,"2008-04-25","2022-12-31"
"A113","APUI","AM",-7.2056,-59.8886,156.97,"2008-07-19","2022-12-31"
"A117","COARI","AM",-4.0975,-63.1453,33.84,"2008-04-12","2022-12-31"
"A119","MANACAPURU","AM",-3.2947,-60.6283,36.57,"2008-04-10","2022-12-31"
"A120","AUTAZES","AM",-3.5833,-59.1294,19.9,"2008-04-17","2022-12-31"
"A121","ITACOATIARA","AM",-3.1333,-58.4828,41.54,"2008-04-17","2022-12-31"
"A122","MAUES","AM",-3.3989,-57.6739,25.49,"2008-04-22","2022-12-31"
"A123","PARINTINS","AM",-2.6392,-56.7561,18.72,"2008-04-11","2022-12-31"
"A124","URUCARA","AM",-2.5347,-57.7581,18.49,"2008-04-17","2022-12-31"
"A125","RIO URUBU","AM",-2.6336,-59.6006,112.84,"2008-06-26","2022-12-31"
"A126","PRESIDENTE FIGUEIREDO","AM",-2.0567,-60.0258,60.99,"2008-04-19","2022-12-31"
"A128","BARCELOS","AM",-0.9872,-62.9242,29.88,"2008-04-19","2022-12-31"
"A133","MANICORE","AM",-5.7886,-61.2883,40.64,"2011-12-12","2022-12-31"
"A134","S. G. DA CACHOEIRA","AM",-0.1252,-67.0612,79.67,"2011-08-31","2022-12-31"
"A144","NOVO ARIPUANA","AM",-8.0911,-60.3806,45,"2019-07-18","2022-12-31"
"A242","OIAPOQUE","AP",3.8136,-51.8625,15.14,"2008-09-11","2022-12-31"
"A244","PORTO GRANDE","AP",0.6942,-51.4039,84.8,"2019-01-01","2022-12-31"
"A249","MACAPA","AP",0.035,-51.0889,16.62,"2013-12-12","2022-12-31"
"A251","ITAUBAL","AP",0.5678,-50.8235,21,"2017-08-24","2022-12-31"
"A201","BELEM","PA",-1.4112,-48.4395,21.17,"2003-01-20","2022-12-31"
"A202","CASTANHAL","PA",-1.3009,-47.9481,47.13,"2003-01-24","2022-12-31"
"A209","MEDICILANDIA","PA",-3.5109,-52.9633,251.68,"2008-02-17","2022-12-31"
"A210","PACAJA","PA",-3.8436,-50.6381,89.02,"2008-02-27","2022-12-31"
"A211","PLACAS","PA",-3.8642,-54.2164,100.45,"2008-02-14","2022-12-31"
"A212","PARAGOMINAS","PA",-2.9911,-47.3564,93,"2007-10-18","2022-12-31"
"A213","TOME ACU","PA",-2.5925,-48.3606,42.95,"2007-10-15","2022-12-31"
"A214","RONDON DO PARA","PA",-4.8275,-48.1736,203,"2008-04-17","2022-12-31"
"A215","SALINOPOLIS","PA",-0.6189,-47.3566,23.18,"2008-06-14","2022-12-31"
"A216","SAO FELIX DO XINGU","PA",-6.6396,-51.957,211,"2016-11-15","2022-12-31"
"A226","BRAGANCA","PA",-1.0472,-46.7858,41,"2008-03-11","2022-12-31"
"A227","SOURE","PA",-0.7278,-48.5158,12.54,"2008-04-27","2022-12-31"
"A228","BREVES","PA",-1.6803,-50.4781,11,"2017-10-20","2022-12-31"
"A229","TUCURUI","PA",-3.8228,-49.675,137.94,"2008-03-01","2022-12-31"
"A230","SERRA DOS CARAJAS","PA",-6.0774,-50.1423,707,"2008-09-03","2022-12-31"
"A231","ITAITUBA","PA",-4.2769,-55.9931,24.46,"2008-02-17","2022-12-31"
"A232","OBIDOS","PA",-1.8808,-55.5197,89.64,"2012-07-05","2022-12-31"
"A233","SANTANA DO ARAGUAIA","PA",-9.3386,-50.3503,176.75,"2008-05-30","2022-12-31"
"A234","TUCUMA","PA",-6.7433,-51.1419,320.93,"2008-07-18","2022-12-31"
"A235","NOVO REPARTIMENTO","PA",-4.2439,-49.9394,100.76,"2008-07-23","2022-12-31"
"A236","CAMETA","PA",-2.2397,-49.4997,9.92,"2008-06-20","2022-12-31"
"A239","MONTE ALEGRE","PA",-2.0001,-54.0764,100.53,"2012-07-06","2022-12-31"
"A240","MARABA","PA",-5.3664,-49.0511,116.58,"2009-06-25","2022-12-31"
"A241","CONCEICAO DO ARAGUAIA","PA",-8.3036,-49.2828,175.74,"2008-09-04","2022-12-31"
"A246","MINA DO PALITO","PA",-6.32,-55.7878,259.88,"2010-09-28","2022-12-31"
"A247","XINGUARA","PA",-7.1106,-49.9261,245,"2016-09-11","2022-12-31"
"A248","CAPITAO POCO","PA",-1.7348,-47.0575,79.1,"2011-04-18","2022-12-31"
"A250","SANTAREM","PA",-2.5025,-54.7203,137,"2015-09-02","2022-12-31"
"A252","DOM ELISEU","PA",-4.2806,-47.564,251,"2018-03-08","2022-12-31"
"A253","ALTAMIRA","PA",-3.2703,-52.3947,191,"2018-10-25","2022-12-31"
"A254","REDENCAO","PA",-8.0433,-50.0069,199,"2019-07-11","2022-12-31"
"A925","PORTO VELHO","RO",-8.7936,-63.8458,86.7,"2007-07-11","2022-12-31"
"A938","VILHENA","RO",-12.735,-60.1578,583.3,"2008-08-26","2022-12-31"
"A939","CACOAL","RO",-11.4458,-61.4341,183.53,"2008-07-20","2022-12-31"
"A940","ARIQUEMES","RO",-9.949,-62.9619,128.44,"2008-07-18","2022-12-31"
"A135","BOA VISTA","RR",2.8169,-60.6908,82.35,"2010-08-26","2022-12-31"
"A009","PALMAS","TO",-10.1478,-48.3144,267,"2004-12-17","2022-12-31"
"A010","PARANA","TO",-12.6149,-47.8719,284.96,"2005-03-04","2022-12-31"
"A018","PEIXE","TO",-12.0154,-48.5445,250.87,"2006-12-01","2022-12-31"
"A019","GURUPI","TO",-11.745,-49.0517,274,"2006-12-20","2022-12-31"
"A020","PEDRO AFONSO","TO",-8.9687,-48.1772,189.71,"2007-01-23","2022-12-31"
"A021","ARAGUAINA","TO",-7.1039,-48.2012,230.76,"2007-01-26","2022-12-31"
"A038","DIANOPOLIS","TO",-11.5944,-46.8472,727.87,"2008-08-30","2022-12-31"
"A039","FORMOSO DO ARAGUAIA","TO",-11.8875,-49.6082,215.2,"2008-04-27","2022-12-31"
"A040","MATEIROS","TO",-10.4344,-45.9219,791,"2012-10-25","2022-12-31"
"A041","MARIANOPOLIS DO TO","TO",-9.5764,-49.7233,186.69,"2012-11-24","2022-12-31"
"A043","CAMPOS LINDOS","TO",-8.1547,-46.6394,426.56,"2012-10-29","2022-12-31"
"A044","ARAGUATINS","TO",-5.6437,-48.1119,130.71,"2009-03-12","2022-12-31"
"A048","SANTA FE DO ARAGUAIA","TO",-7.1242,-48.7813,171,"2016-07-30","2022-12-31"
"A049","COLINAS DO TOCANTINS","TO",-8.0927,-48.4786,200,"2016-11-11","2022-12-31"
"A050","RIO SONO","TO",-9.7934,-47.1327,291,"2016-08-03","2022-12-31"
"A051","PIUM","TO",-10.4769,-49.6295,161,"2016-04-06","2022-12-31"
"A052","SANTA ROSA DO TOCANTINS","TO",-11.4289,-48.185,306,"2015-08-14","2022-12-31"
"A053","ALMAS","TO",-11.2841,-47.2121,503,"2016-04-01","2022-12-31"
"A054","ARAGUACU","TO",-12.5922,-49.5287,231,"2015-08-19","2022-12-31"
"A055","LAGOA DA CONFUSAO","TO",-10.8283,-49.8479,178,"2016-11-15","2022-12-31"
"A303","MACEIO","AL",-9.5512,-35.7702,84.12,"2003-02-25","2022-12-31"
"A323","PAO DE ACUCAR","AL",-9.7492,-37.4308,20.83,"2007-07-14","2022-12-31"
"A327","PALMEIRA DOS INDIOS","AL",-9.4203,-36.6203,278.01,"2007-07-11","2022-12-31"
"A353","ARAPIRACA","AL",-9.8044,-36.6192,236.84,"2008-04-27","2022-12-31"
"A355","CORURIPE","AL",-10.1286,-36.2864,82.39,"2008-09-06","2022-12-31"
"A356","SAO LUIS DO QUITUNDE","AL",-9.2875,-35.5659,13.69,"2008-09-08","2022-12-31"
"A371","PIRANHAS","AL",-9.6223,-37.7671,187,"2017-09-20","2022-12-31"
"A401","SALVADOR","BA",-13.0055,-38.5058,47.56,"2000-05-13","2022-12-31"
"A402","BARREIRAS","BA",-12.1247,-45.0269,474.17,"2001-12-20","2022-12-31"
"A404","LUIZ EDUARDO MAGALHAES","BA",-12.1525,-45.8297,760.68,"2002-04-18","2022-12-31"
"A405","CARAVELAS","BA",-17.7394,-39.2586,6.05,"2002-12-20","2022-12-31"
"A406","CRUZ DAS ALMAS","BA",-12.6756,-39.0894,219.76,"2003-01-19","2022-12-31"
"A407","ITIRUCU","BA",-13.5278,-40.1198,757.42,"2003-02-09","2022-12-31"
"A408","ITABERABA","BA",-12.5242,-40.2997,250.11,"2003-01-29","2022-12-31"
"A410","ILHEUS","BA",-14.6589,-39.1814,80.21,"2003-01-25","2022-12-31"
"A412","MACAJUBA","BA",-12.1317,-40.3542,338.85,"2003-02-03","2022-12-31"
"A413","FEIRA DE SANTANA","BA",-12.1961,-38.9675,229.64,"2007-05-26","2022-12-31"
"A414","VITORIA DA CONQUISTA","BA",-14.8864,-40.8013,879.38,"2007-06-01","2022-12-31"
"A415","SANTA RITA DE CASSIA","BA",-11.0028,-44.525,450.01,"2007-05-28","2022-12-31"
"A416","CORRENTINA","BA",-13.3325,-44.6175,551.71,"2007-11-09","2022-12-31"
"A418","BOM JESUS DA LAPA","BA",-13.2511,-43.4053,447.75,"2007-05-18","2022-12-31"
"A422","ABROLHOS","BA",-17.9631,-38.7033,20.93,"2008-07-21","2022-12-31"
"A423","REMANSO","BA",-9.6256,-42.0772,397.4,"2008-03-26","2022-12-31"
"A424","IRECE","BA",-11.329,-41.8645,768.42,"2008-03-31","2022-12-31"
"A425","LENCOIS","BA",-12.5579,-41.3888,438.09,"2008-04-05","2022-12-31"
"A426","GUANAMBI","BA",-14.2081,-42.7497,552.23,"2008-04-24","2022-12-31"
"A427","PORTO SEGURO","BA",-16.3889,-39.1824,86.36,"2008-07-10","2022-12-31"
"A428","SENHOR DO BONFIM","BA",-10.4431,-40.1482,532.09,"2008-03-27","2022-12-31"
"A429","BARRA","BA",-11.0849,-43.1389,407.5,"2008-05-12","2022-12-31"
"A430","PIATA","BA",-13.1557,-41.7741,1283.95,"2008-05-03","2022-12-31"
"A431","CONDE","BA",-12.0358,-37.6839,31.9,"2008-04-07","2022-12-31"
"A432","BURITIRAMA","BA",-10.7229,-43.6512,506.06,"2008-05-15","2022-12-31"
"A433","BRUMADO","BA",-14.1819,-41.6723,473.37,"2008-04-28","2022-12-31"
"A434","AMARGOSA","BA",-13.0095,-39.6169,397.8,"2008-07-11","2022-12-31"
"A435","UAUA","BA",-9.8336,-39.4956,450.6,"2008-05-20","2021-12-31"
"A436","QUEIMADAS","BA",-10.9846,-39.617,310.11,"2008-05-23","2022-12-31"
"A437","UNA","BA",-15.2803,-39.0914,74.08,"2008-06-25","2022-12-31"
"A438","MARAU","BA",-13.9069,-38.9722,6.24,"2008-06-22","2022-12-31"
"A439","IBOTIRAMA","BA",-12.1931,-43.2133,425.12,"2008-04-28","2022-12-31"
"A440","JACOBINA","BA",-11.205,-40.465,440.78,"2008-05-01","2022-12-31"
"A441","SERRINHA","BA",-11.6647,-39.0229,337.79,"2008-05-09","2022-12-31"
"A442","EUCLIDES DA CUNHA","BA",-10.5372,-38.9966,431.96,"2008-03-31","2022-12-31"
"A443","DELFINO","BA",-10.4549,-41.2069,646.24,"2008-07-15","2022-12-31"
"A444","VALENCA","BA",-13.3436,-39.1267,93.12,"2009-06-29","2022-12-31"
"A445","IPIAU","BA",-14.1713,-39.6925,132.11,"2009-06-30","2022-12-31"
"A446","ITAPETINGA","BA",-15.2446,-40.2296,271.48,"2009-06-25","2022-12-31"
"A447","BELMONTE","BA",-16.0881,-39.2153,89.67,"2009-07-02","2022-12-31"
"A448","CURACA","BA",-9.0014,-39.9125,370,"2015-08-20","2022-12-31"
"A449","PILAO ARCADO","BA",-10.0183,-42.5003,385,"2016-05-28","2022-12-31"
"A450","JEREMOABO","BA",-10.0808,-38.3458,261,"2015-08-13","2022-12-31"
"A452","FORMOSA DO RIO PRETO","BA",-11.0522,-45.2008,488,"2016-06-02","2022-12-31"
"A455","ITAMARAJU","BA",-17.0069,-39.5581,110,"2016-05-28","2022-12-31"
"A456","SALVADOR (RADIO FAROL)","BA",-12.8083,-38.4958,31,"2018-03-10","2022-12-31"
"A458","RIBEIRA DO AMPARO","BA",-11.0586,-38.4442,182,"2018-09-20","2022-12-31"
"A305","FORTALEZA","CE",-3.8158,-38.5378,29.55,"2003-02-18","2022-12-31"
"A306","SOBRAL","CE",-3.7481,-40.3458,92.07,"2003-02-12","2022-12-31"
"A314","GUARAMIRANGA","CE",-4.2292,-38.9589,865.53,"2007-05-26","2022-12-31"
"A315","BARBALHA","CE",-7.3008,-39.2711,409.41,"2007-05-31","2022-12-31"
"A319","IGUATU","CE",-6.3964,-39.2689,221.56,"2007-05-30","2022-12-31"
"A324","TAUA","CE",-6.0175,-40.2814,410.87,"2007-07-12","2022-12-31"
"A325","QUIXERAMOBIM","CE",-5.1744,-39.2894,221.04,"2007-07-09","2022-12-31"
"A332","MORADA NOVA","CE",-5.0911,-38.3647,92,"2007-08-24","2022-12-31"
"A339","JAGUARUANA","CE",-4.7869,-37.7667,49,"2007-11-10","2022-12-31"
"A342","CRATEUS","CE",-5.1867,-40.6722,298.19,"2008-12-11","2022-12-31"
"A347","CAMPOS SALES","CE",-7.0778,-40.3628,577.95,"2008-03-07","2022-12-31"
"A358","JAGUARIBE","CE",-5.9056,-38.6278,149.31,"2008-09-10","2022-12-31"
"A359","ITAPIPOCA","CE",-3.4842,-39.5886,104.49,"2008-09-05","2022-12-31"
"A360","ACARAU","CE",-3.1211,-40.0872,67.15,"2009-04-22","2022-12-31"
"A368","TIANGUA","CE",-3.7322,-41.0119,756,"2018-03-15","2022-12-31"
"A369","QUIXADA","CE",-4.9788,-39.0572,193,"2018-03-20","2022-12-31"
"A203","SAO LUIS","MA",-2.5267,-44.2136,54.8,"2003-01-29","2022-12-31"
"A204","BALSAS","MA",-7.4556,-46.0275,271.03,"2007-10-26","2022-12-31"
"A205","CAROLINA","MA",-7.3373,-47.4598,182.88,"2007-12-04","2022-12-31"
"A206","CHAPADINHA","MA",-3.7427,-43.3522,104,"2008-09-17","2022-12-31"
"A207","GRAJAU","MA",-5.8161,-46.1622,232.29,"2008-09-10","2022-12-31"
"A217","FAROL de SANTANA","MA",-2.2708,-43.6242,9.87,"2008-11-28","2022-12-31"
"A218","PREGUICAS","MA",-2.5922,-42.7075,4.62,"2008-11-22","2022-12-31"
"A219","TURIACU","MA",-1.6611,-45.3725,35.86,"2008-06-10","2022-12-31"
"A220","BACABAL","MA",-4.2431,-44.795,22.33,"2008-07-09","2022-12-31"
"A221","BARRA DO CORDA","MA",-5.5067,-45.2369,154.19,"2008-03-06","2022-12-31"
"A222","COLINAS","MA",-6.0331,-44.2334,175.37,"2008-06-03","2022-12-31"
"A223","ALTO PARNAIBA","MA",-9.1083,-45.932,283.69,"2008-06-03","2022-12-31"
"A224","ESTREITO","MA",-6.6533,-47.4183,182.96,"2008-02-27","2022-12-31"
"A225","IMPERATRIZ","MA",-5.5558,-47.4598,117.96,"2008-03-01","2022-12-31"
"A237","CAXIAS","MA",-4.8214,-43.3437,84.85,"2008-07-13","2022-12-31"
"A238","BURITICUPU","MA",-4.3206,-46.4494,174.91,"2008-09-11","2022-12-31"
"A255","ZE DOCA","MA",-3.2692,-45.6511,45.5,"2019-09-18","2022-12-31"
"A310","AREIA","PB",-6.9755,-35.7181,573.45,"2004-11-16","2022-12-31"
"A313","CAMPINA GRANDE","PB",-7.2256,-35.9048,546.17,"2006-12-22","2022-12-31"
"A320","JOAO PESSOA","PB",-7.1653,-34.8156,33.5,"2007-07-21","2022-12-31"
"A321","PATOS","PB",-7.0797,-37.2728,263.66,"2007-07-21","2022-12-31"
"A333","SAO GONCALO","PB",-6.8358,-38.3116,237.04,"2007-11-06","2022-12-31"
"A334","MONTEIRO","PB",-7.8944,-37.1247,606.39,"2007-08-22","2022-12-31"
"A348","CABACEIRAS","PB",-7.4832,-36.2865,391.96,"2008-02-28","2022-12-31"
"A352","CAMARATUBA","PB",-6.5619,-35.1353,135.51,"2008-05-04","2022-12-31"
"A373","ITAPORANGA","PB",-7.3183,-38.1408,292,"2017-11-03","2022-12-31"
"A301","RECIFE","PE",-8.0593,-34.9592,11.3,"2004-12-22","2022-12-31"
"A307","PETROLINA","PE",-9.3883,-40.5233,372.72,"2003-02-21","2022-12-31"
"A309","ARCO VERDE","PE",-8.4336,-37.0556,683.95,"2004-11-20","2022-12-31"
"A322","GARANHUNS","PE",-8.9108,-36.4933,827.78,"2007-07-08","2022-12-31"
"A328","SURUBIM","PE",-7.8397,-35.8011,421.44,"2008-03-09","2022-12-31"
"A329","CABROBO","PE",-8.5039,-39.3153,342.74,"2007-09-04","2022-12-31"
"A341","CARUARU","PE",-8.3653,-36.0283,852,"2007-11-21","2022-12-31"
"A349","IBIMIRIM","PE",-8.5094,-37.7117,434.23,"2008-10-14","2022-12-31"
"A350","SERRA TALHADA","PE",-7.9542,-38.295,499.02,"2008-07-09","2022-12-31"
"A351","FLORESTA","PE",-8.5989,-38.5842,327.42,"2008-09-15","2022-12-31"
"A357","PALMARES","PE",-8.6667,-35.5681,164.01,"2008-09-04","2022-12-31"
"A366","OURICURI","PE",-7.8858,-40.1028,457.85,"2010-08-11","2022-12-31"
"A370","SALGUEIRO","PE",-8.0581,-39.0961,447,"2017-09-15","2022-12-31"
"A308","PARNAIBA","PI",-3.0867,-41.7831,52.11,"2003-02-06","2022-12-31"
"A311","FLORIANO","PI",-6.7614,-43.0033,126.39,"2004-11-18","2022-12-31"
"A312","TERESINA","PI",-5.0347,-42.8014,75.23,"2004-11-24","2022-12-31"
"A326","BOM JESUS DO PIAUI","PI",-9.0833,-44.3264,296,"2007-07-17","2022-12-31"
"A330","PAULISTANA","PI",-8.1323,-41.1429,376,"2007-08-31","2022-12-31"
"A331","SAO JOAO DO PIAUI","PI",-8.3644,-42.2525,231,"2007-08-26","2022-12-31"
"A335","PIRIPIRI","PI",-4.276,-41.7946,157.89,"2007-08-31","2022-12-31"
"A336","ALVORADA DO GURGUEIA","PI",-8.4417,-43.8656,261.26,"2007-11-17","2022-12-31"
"A337","CARACOL","PI",-9.2858,-43.3244,515.3,"2007-11-10","2022-12-31"
"A343","PICOS","PI",-7.0711,-41.4042,232.91,"2008-12-12","2022-12-31"
"A345","SAO RAIMUNDO NONATO","PI",-9.0333,-42.7011,385,"2008-02-27","2022-12-31"
"A346","URUCUI","PI",-7.4414,-44.345,398.83,"2008-03-06","2022-12-31"
"A354","OEIRAS","PI",-6.9741,-42.1468,154.03,"2008-07-22","2022-12-31"
"A361","CASTELO DO PIAUI","PI",-5.3492,-41.5123,268.75,"2009-04-20","2022-12-31"
"A363","VALENCA DO PIAUI","PI",-6.3993,-41.74,313.39,"2009-04-18","2022-12-31"
"A364","GILBUES","PI",-9.8753,-45.3458,425.1,"2009-05-16","2022-12-31"
"A365","CANTO DO BURITI","PI",-8.1181,-42.9758,312.07,"2010-06-12","2022-12-31"
"A374","CORRENTE","PI",-10.4292,-45.1731,452,"2018-03-28","2022-12-31"
"A375","BAIXA GRANDE DO RIBEIRO","PI",-8.3335,-45.0946,519,"2018-03-23","2022-12-31"
"A376","CAMPO MAIOR","PI",-4.8642,-42.1456,125,"2018-11-23","2022-12-31"
"A377","ANGICAL DO PIAUI","PI",-6.0894,-42.7275,183,"2019-11-14","2022-12-31"
"A302","ARQ.SAO PEDRO E SAO PAULO","RN",0.9169,-29.3459,15,"2003-11-02","2020-12-31"
"A304","NATAL","RN",-5.8372,-35.2081,47.46,"2003-02-24","2022-12-31"
"A316","CAICO","RN",-6.4675,-37.085,171.26,"2007-01-07","2022-12-31"
"A317","MACAU","RN",-5.1511,-36.5731,17.37,"2007-01-06","2022-12-31"
"A318","MOSSORO","RN",-4.9042,-37.3669,29.44,"2007-05-22","2022-12-31"
"A340","APODI","RN",-5.6267,-37.815,131.41,"2007-11-14","2022-12-31"
"A344","CALCANHAR","RN",-5.1599,-35.4875,9.82,"2008-05-08","2022-12-31"
"A367","SANTA CRUZ","RN",-6.2281,-36.0267,227.49,"2010-08-17","2022-12-31"
"A372","IPANGUACU","RN",-5.5349,-36.8723,19,"2017-11-08","2022-12-31"
"A409","ARACAJU","SE",-10.9525,-37.0544,3.72,"2003-02-12","2022-12-31"
"A417","ITABAIANINHA","SE",-11.2725,-37.795,204.8,"2007-05-23","2022-12-31"
"A419","POCO VERDE","SE",-10.7381,-38.1083,367.01,"2008-04-03","2022-12-31"
"A420","CARIRA","SE",-10.3997,-37.7475,289.92,"2008-03-28","2022-12-31"
"A421","BREJO GRANDE","SE",-10.4739,-36.4821,6.11,"2008-07-17","2022-12-31"
"A451","ITABAIANA","SE",-10.6717,-37.4714,213,"2017-04-24","2022-12-31"
"A453","NOSSA SENHORA DA GLORIA","SE",-10.2078,-37.4319,271,"2017-03-24","2022-12-31"
"A807","CURITIBA","PR",-25.4486,-49.2306,922.91,"2003-01-28","2022-12-31"
"A818","IVAI","PR",-25.0108,-50.8539,803.58,"2006-07-11","2022-12-31"
"A819","CASTRO","PR",-24.7869,-49.9992,993.6,"2006-07-09","2021-12-31"
"A820","MAL. CANDIDO RONDON","PR",-24.5333,-54.0192,392.07,"2006-11-18","2022-12-31"
"A821","JOAQUIM TAVORA","PR",-23.5053,-49.9464,512.67,"2006-11-23","2022-12-31"
"A822","NOVA TEBAS","PR",-24.4372,-51.9631,656.24,"2006-12-21","2021-12-31"
"A823","INACIO MARTINS","PR",-25.5679,-51.0779,1208.85,"2006-10-16","2022-12-31"
"A824","ICARAIMA","PR",-23.3903,-53.6358,381.29,"2006-11-16","2022-12-31"
"A825","GOIOERE","PR",-24.1839,-53.0489,481,"2019-01-01","2022-12-31"
"A835","MARINGA","PR",-23.4053,-51.9328,548.51,"2006-11-21","2022-12-31"
"A842","NOVA FATIMA","PR",-23.4153,-50.5777,664.31,"2007-02-08","2022-12-31"
"A843","DOIS VIZINHOS","PR",-25.6992,-53.0953,545.95,"2007-03-29","2022-12-31"
"A846","FOZ DO IGUACU","PR",-25.6018,-54.4831,235.09,"2008-02-15","2022-12-31"
"A849","DIAMANTE DO NORTE","PR",-22.6394,-52.8903,368.22,"2008-03-06","2022-12-31"
"A850","PARANAPOEMA","PR",-22.6583,-52.1345,308.7,"2008-03-04","2022-12-31"
"A855","PLANALTO","PR",-25.7219,-53.7479,399.1,"2007-11-07","2022-12-31"
"A869","CIDADE GAUCHA","PR",-23.3592,-52.9319,365.79,"2008-03-11","2022-12-31"
"A871","JAPIRA","PR",-23.7733,-50.1806,692.88,"2008-02-29","2022-12-31"
"A872","VENTANIA","PR",-24.2803,-50.2103,1093.41,"2011-04-15","2022-12-31"
"A873","MORRETES","PR",-25.5089,-48.8087,50.31,"2008-03-13","2022-12-31"
"A874","SAO MATEUS DO SUL","PR",-25.8356,-50.3689,780.21,"2011-04-17","2022-12-31"
"A875","GENERAL CARNEIRO","PR",-26.3985,-51.3536,1009.01,"2008-04-30","2022-12-31"
"A876","CLEVELANDIA","PR",-26.4172,-52.3486,966.06,"2008-05-15","2022-12-31"
"B803","CAMPINA DA LAGOA","PR",-24.5709,-52.8003,598,"2016-08-04","2022-12-31"
"B804","LARANJEIRAS DO SUL","PR",-25.3689,-52.3919,835,"2016-08-07","2022-12-31"
"B806","COLOMBO","PR",-25.3225,-49.1577,950,"2016-06-01","2022-12-31"
"A801","PORTO ALEGRE - JARDIM BOTANICO","RS",-30.0536,-51.1747,41.18,"2000-09-22","2022-12-31"
"A802","RIO GRANDE","RS",-32.0789,-52.1678,4.92,"2001-11-16","2022-12-31"
"A803","SANTA MARIA","RS",-29.725,-53.7206,103.1,"2001-11-26","2022-12-31"
"A804","SANTANA DO LIVRAMENTO","RS",-30.7506,-55.4014,328,"2001-11-22","2022-12-31"
"A805","SANTO AUGUSTO","RS",-27.8544,-53.7912,489.67,"2001-12-05","2022-12-31"
"A808","TORRES","RS",-29.3504,-49.7333,8.44,"2006-06-01","2022-12-31"
"A809","URUGUAIANA","RS",-29.8399,-57.0819,74.29,"2006-09-28","2022-12-31"
"A810","SANTA ROSA","RS",-27.8906,-54.48,272.84,"2006-11-15","2022-12-31"
"A811","CANGUCU","RS",-31.4033,-52.7008,446.81,"2007-01-24","2022-12-31"
"A812","CACAPAVA DO SUL","RS",-30.5453,-53.4669,420.82,"2006-06-22","2022-12-31"
"A813","RIO PARDO","RS",-29.8722,-52.3819,106.99,"2006-09-30","2022-12-31"
"A826","ALEGRETE","RS",-29.7092,-55.5256,120.88,"2006-09-28","2022-12-31"
"A827","BAGE","RS",-31.3478,-54.0133,226.19,"2007-01-04","2022-12-31"
"A828","ERECHIM","RS",-27.6578,-52.3058,777.08,"2006-11-25","2022-12-31"
"A829","SAO JOSE DOS AUSENTES","RS",-28.7486,-50.0578,1228.59,"2006-10-26","2022-12-31"
"A830","SAO BORJA","RS",-28.65,-56.0164,81.08,"2007-07-21","2022-12-31"
"A831","QUARAI","RS",-30.3686,-56.4371,113.05,"2007-10-17","2022-12-31"
"A832","SAO GABRIEL","RS",-30.3414,-54.3109,114.89,"2007-07-11","2022-12-31"
"A833","SANTIAGO","RS",-29.1916,-54.8857,390.03,"2009-02-04","2022-12-31"
"A834","TRAMANDAI","RS",-30.0103,-50.1358,4.56,"2008-03-09","2022-12-31"
"A836","JAGUARAO","RS",-32.5347,-53.3758,31.48,"2007-01-09","2022-12-31"
"A837","SOLEDADE","RS",-28.8592,-52.5424,660.44,"2008-03-01","2022-12-31"
"A838","CAMAQUA","RS",-30.808,-51.8342,92.3,"2006-12-12","2022-12-31"
"A839","PASSO FUNDO","RS",-28.2268,-52.4036,680.67,"2006-11-27","2022-12-31"
"A840","BENTO GONCALVES","RS",-29.1646,-51.5342,623.27,"2006-12-01","2022-12-31"
"A844","LAGOA VERMELHA","RS",-28.2224,-51.5128,833.83,"2007-03-02","2022-12-31"
"A852","SAO LUIZ GONZAGA","RS",-28.4172,-54.9625,245.5,"2007-07-25","2022-12-31"
"A853","CRUZ ALTA","RS",-28.6034,-53.6736,426.69,"2007-05-31","2022-12-31"
"A854","FREDERICO WESTPHALEN","RS",-27.3957,-53.4294,489.42,"2007-12-14","2022-12-31"
"A856","PALMEIRA DAS MISSOES","RS",-27.9203,-53.3181,614.11,"2008-02-26","2022-12-31"
"A878","MOSTARDAS","RS",-31.2483,-50.9064,3.82,"2008-03-11","2022-12-31"
"A879","CANELA","RS",-29.3689,-50.8272,830.93,"2008-08-23","2022-12-31"
"A880","VACARIA","RS",-28.5136,-50.8827,969.89,"2008-04-26","2022-12-31"
"A881","DOM PEDRITO","RS",-31.0025,-54.6181,150,"2010-04-23","2022-12-31"
"A882","TEUTONIA","RS",-29.4492,-51.8233,80.41,"2012-10-04","2022-12-31"
"A883","IBIRUBA","RS",-28.6535,-53.1119,455.27,"2012-12-13","2022-12-31"
"A884","CAMPO BOM","RS",-29.6743,-51.064,23.35,"2013-11-29","2022-12-31"
"A886","TUPANCIRETA","RS",-29.0894,-53.8267,462,"2016-08-11","2022-12-31"
"A887","CAPAO DO LEAO (PELOTAS)","RS",-31.8025,-52.4072,13,"2019-07-18","2022-12-31"
"A889","SAO VICENTE DO SUL","RS",-29.7022,-54.6944,134,"2016-04-06","2022-12-31"
"A893","ENCRUZILHADA DO SUL","RS",-30.5431,-52.5247,427.75,"2018-03-15","2022-12-31"
"A894","SERAFINA CORREA","RS",-28.7048,-51.8708,545,"2016-04-01","2022-12-31"
"A897","CAMBARA DO SUL","RS",-29.0492,-50.1497,1017,"2016-11-24","2022-12-31"
"A899","Santa Vitoria do Palmar - Barra do Chui","RS",-33.7422,-53.3722,7.41,"2008-03-08","2022-12-31"
"A806","FLORIANOPOLIS","SC",-27.6025,-48.6201,4.87,"2003-01-22","2022-12-31"
"A814","URUSSANGA","SC",-28.5325,-49.3153,40.56,"2008-05-29","2022-12-31"
"A815","SAO JOAQUIM","SC",-28.2756,-49.9346,1400.06,"2008-04-12","2022-12-31"
"A816","NOVO HORIZONTE","SC",-26.4064,-52.8503,943.57,"2008-09-20","2022-12-31"
"A817","INDAIAL","SC",-26.9137,-49.2681,72.24,"2006-07-02","2022-12-31"
"A841","JOACABA","SC",-27.1692,-51.5589,767.63,"2007-09-20","2022-12-31"
"A845","BOM JARDIM DA SERRA - MORRO DA IGREJA","SC",-28.1269,-49.4797,1790.38,"2007-06-17","2022-12-31"
"A848","DIONISIO CERQUEIRA","SC",-26.2866,-53.6331,807.54,"2008-05-31","2022-12-31"
"A851","ITAPOA","SC",-26.0814,-48.6418,6.18,"2007-06-06","2022-12-31"
"A857","SAO MIGUEL DO OESTE","SC",-26.7764,-53.5042,700,"2008-03-12","2022-12-31"
"A858","XANXERE","SC",-26.9387,-52.3981,878.74,"2008-03-15","2022-12-31"
"A859","CACADOR","SC",-26.8192,-50.9855,944.26,"2008-03-19","2022-12-31"
"A860","CURITIBANOS","SC",-27.2886,-50.6043,978.1,"2008-02-28","2022-12-31"
"A861","RIO DO CAMPO","SC",-26.9375,-50.1456,591.67,"2008-03-10","2022-12-31"
"A862","RIO NEGRINHO","SC",-26.2484,-49.5742,800,"2008-03-22","2022-12-31"
"A863","ITUPORANGA","SC",-27.4184,-49.6469,479.79,"2008-03-04","2022-12-31"
"A864","MAJOR VIEIRA","SC",-26.3937,-50.3632,799.58,"2009-02-09","2022-12-31"
"A865","LAGES","SC",-27.8022,-50.3355,952.7,"2014-11-06","2022-12-31"
"A866","Laguna  - Farol de Santa Marta","SC",-28.6044,-48.8133,34.36,"2008-06-01","2022-12-31"
"A867","ARARANGUA","SC",-28.9314,-49.4979,2,"2008-09-28","2022-12-31"
"A868","ITAJAI","SC",-26.9509,-48.762,9.76,"2010-06-24","2022-12-31"
"A870","RANCHO QUEIMADO","SC",-27.6785,-49.042,881,"2016-05-31","2022-12-31"
"A895","CHAPECO","SC",-27.0853,-52.6357,679,"2019-02-19","2022-12-31"
"A898","CAMPOS NOVOS","SC",-27.3886,-51.2158,963,"2019-02-15","2022-12-31"
"A612","VITORIA","ES",-20.2708,-40.3058,9,"2006-10-31","2022-12-31"
"A613","SANTA TERESA","ES",-19.9884,-40.5796,975.92,"2007-08-09","2022-12-31"
"A614","LINHARES","ES",-19.3569,-40.0687,37.82,"2006-10-27","2022-12-31"
"A615","ALFREDO CHAVES","ES",-20.6365,-40.7419,14.19,"2006-11-03","2022-12-31"
"A616","SAO MATEUS","ES",-18.6761,-39.8642,28.66,"2006-10-25","2022-12-31"
"A617","ALEGRE","ES",-20.7506,-41.4889,138,"2006-10-25","2022-12-31"
"A622","PRESIDENTE KENNEDY","ES",-21.1008,-41.0394,69.12,"2008-06-18","2022-12-31"
"A623","NOVA VENECIA","ES",-18.6953,-40.3906,156.02,"2008-06-22","2022-12-31"
"A631","ECOPORANGA","ES",-18.2914,-40.7364,224,"2017-03-17","2022-12-31"
"A632","MARILANDIA","ES",-19.4072,-40.5398,95,"2017-03-22","2022-12-31"
"A633","VENDA NOVA DO IMIGRANTE","ES",-20.3856,-41.1899,722,"2017-02-10","2022-12-31"
"A634","VILA VELHA","ES",-20.4671,-40.4039,25,"2017-02-15","2022-12-31"
"A657","AFONSO CLAUDIO","ES",-20.1042,-41.1069,507.48,"2011-09-24","2022-12-31"
"A502","BARBACENA","MG",-21.2283,-43.7678,1168.76,"2002-12-05","2022-12-31"
"A505","ARAXA","MG",-19.6058,-46.9497,1018.32,"2002-12-19","2022-12-31"
"A506","MONTES CLAROS","MG",-16.6864,-43.8439,645.87,"2002-12-19","2022-12-31"
"A507","UBERLANDIA","MG",-18.9169,-48.2557,874.77,"2002-12-18","2022-12-31"
"A508","ALMENARA","MG",-16.1668,-40.6878,189.11,"2002-12-15","2022-12-31"
"A509","MONTE VERDE","MG",-22.8617,-46.0434,1544.89,"2004-12-19","2022-12-31"
"A510","VICOSA","MG",-20.7626,-42.864,697.64,"2005-09-15","2022-12-31"
"A511","TIMOTEO","MG",-19.5739,-42.6225,493.42,"2006-02-22","2022-12-31"
"A512","ITUIUTABA","MG",-18.9529,-49.5251,540.08,"2006-05-12","2022-12-31"
"A513","OURO BRANCO","MG",-20.5567,-43.7561,1048.2,"2006-07-28","2022-12-31"
"A514","SAO JOAO DEL REI","MG",-21.1065,-44.2509,929.88,"2006-06-09","2022-12-31"
"A515","VARGINHA","MG",-21.5664,-45.4042,949.78,"2006-07-13","2022-12-31"
"A516","PASSOS","MG",-20.7452,-46.6339,781.7,"2006-07-16","2022-12-31"
"A517","MURIAE","MG",-21.105,-42.3759,282.79,"2006-08-30","2022-12-31"
"A518","JUIZ DE FORA","MG",-21.77,-43.3643,936.88,"2007-05-26","2022-12-31"
"A519","CAMPINA VERDE","MG",-19.5392,-49.5181,559.07,"2006-07-15","2022-12-31"
"A520","CONCEICAO DAS ALAGOAS","MG",-19.9859,-48.1516,572.54,"2006-07-18","2022-12-31"
"A521","BELO HORIZONTE (PAMPULHA)","MG",-19.8839,-43.9694,854.02,"2006-10-10","2022-12-31"
"A522","SERRA DOS AIMORES","MG",-17.7989,-40.25,211.97,"2006-08-21","2022-12-31"
"A523","PATROCINIO","MG",-18.9967,-46.9859,978.11,"2006-08-22","2022-12-31"
"A524","FORMIGA","MG",-20.455,-45.4538,878.14,"2006-08-17","2022-12-31"
"A525","SACRAMENTO","MG",-19.8753,-47.4341,913.12,"2006-08-19","2022-12-31"
"A526","MONTALVANIA","MG",-14.4083,-44.4042,519.52,"2007-06-26","2022-12-31"
"A527","TEOFILO OTONI","MG",-17.8928,-41.5154,467.17,"2006-08-25","2022-12-31"
"A528","TRES MARIAS","MG",-18.2009,-45.4598,931.01,"2006-08-25","2022-12-31"
"A529","PASSA QUATRO","MG",-22.3958,-44.9619,1017.1,"2007-05-30","2022-12-31"
"A530","CALDAS","MG",-21.9181,-46.383,1077.34,"2006-11-28","2022-12-31"
"A531","MARIA DA FE","MG",-22.3146,-45.373,1281.43,"2006-12-01","2022-12-31"
"A532","GOVERNADOR VALADARES","MG",-18.8304,-41.977,198.24,"2007-05-27","2022-12-31"
"A533","GUANHAES","MG",-18.7869,-42.9429,852.68,"2007-06-02","2022-12-31"
"A534","AIMORES","MG",-19.5328,-41.0908,287.74,"2007-08-05","2022-12-31"
"A535","FLORESTAL","MG",-19.8853,-44.4169,753.5,"2008-06-27","2022-12-31"
"A536","DORES DO INDAIA","MG",-19.4819,-45.5939,721.09,"2007-06-01","2022-12-31"
"A537","DIAMANTINA","MG",-18.2311,-43.6483,1359.25,"2007-06-05","2022-12-31"
"A538","CURVELO","MG",-18.7477,-44.4538,669.48,"2006-12-18","2022-12-31"
"A539","MOCAMBINHO","MG",-15.086,-44.016,454,"2007-11-11","2022-12-31"
"A540","MANTENA","MG",-18.7806,-40.9865,254.91,"2007-08-01","2022-12-31"
"A541","CAPELINHA","MG",-17.7056,-42.3893,932.06,"2007-08-31","2022-12-31"
"A542","UNAI","MG",-16.5542,-46.8819,640.85,"2007-06-16","2022-12-31"
"A543","ESPINOSA","MG",-14.9122,-42.8086,565.36,"2007-11-14","2022-12-31"
"A544","BURITIS","MG",-15.5243,-46.4355,894,"2007-06-19","2022-12-31"
"A545","PIRAPORA","MG",-17.2581,-44.8356,505.32,"2007-07-04","2022-12-31"
"A546","GUARDA-MOR","MG",-17.5614,-47.1992,997.01,"2007-07-11","2022-12-31"
"A547","SAO ROMAO","MG",-16.3628,-45.1238,490.29,"2007-06-30","2022-12-31"
"A548","CHAPADA GAUCHA","MG",-15.3003,-45.6175,873.2,"2007-06-22","2022-12-31"
"A549","AGUAS VERMELHAS","MG",-15.7515,-41.4578,754.07,"2007-09-09","2022-12-31"
"A550","ITAOBIM","MG",-16.5757,-41.4856,271.63,"2007-09-05","2022-12-31"
"A551","RIO PARDO DE MINAS","MG",-15.7231,-42.4358,850.06,"2007-11-17","2022-12-31"
"A552","SALINAS","MG",-16.1603,-42.3103,487.14,"2007-09-14","2022-12-31"
"A553","JOAO PINHEIRO","MG",-17.7844,-46.1194,877.05,"2007-07-07","2022-12-31"
"A554","CARATINGA","MG",-19.7358,-42.1371,609.25,"2007-05-24","2022-12-31"
"A555","IBIRITE (ROLA MOCA)","MG",-20.0315,-44.0112,1198.82,"2008-06-06","2022-12-31"
"A556","MANHUACU","MG",-20.2633,-42.1828,819.47,"2010-09-25","2022-12-31"
"A557","CORONEL PACHECO","MG",-21.5467,-43.261,411.14,"2012-10-17","2022-12-31"
"A559","JANUARIA","MG",-15.4481,-44.3663,468,"2016-06-23","2022-12-31"
"A561","SAO SEBASTIAO DO PARAISO","MG",-20.9099,-47.1143,845,"2015-08-17","2022-12-31"
"A562","PATOS DE MINAS","MG",-18.5207,-46.4406,950,"2017-05-12","2022-12-31"
"A563","NOVA PORTEIRINHA (JANAUBA)","MG",-15.8028,-43.2969,532,"2016-11-19","2022-12-31"
"A564","DIVINOPOLIS","MG",-20.1733,-44.875,796,"2017-10-26","2022-12-31"
"A565","BAMBUI","MG",-20.0311,-46.0089,697,"2016-11-23","2022-12-31"
"A566","ARACUAI","MG",-16.8489,-42.0353,308,"2017-05-19","2022-12-31"
"A567","MACHADO","MG",-21.6807,-45.9444,969,"2017-07-21","2022-12-31"
"A568","UBERABA","MG",-19.71,-47.9619,778,"2017-05-19","2022-12-31"
"A569","SETE LAGOAS","MG",-19.4553,-44.1734,719,"2016-06-10","2022-12-31"
"A570","OLIVEIRA","MG",-20.715,-44.8646,1025,"2017-10-19","2022-12-31"
"A571","PARACATU","MG",-17.2444,-46.8817,705,"2018-03-16","2022-12-31"
"F501","BELO HORIZONTE - CERCADINHO","MG",-19.98,-43.9587,1199.55,"2013-12-27","2022-12-31"
"A601","SEROPEDICA-ECOLOGIA AGRICOLA","RJ",-22.7578,-43.6847,35,"2000-05-07","2022-12-31"
"A602","RIO DE JANEIRO-MARAMBAIA","RJ",-23.0503,-43.5956,12,"2002-11-08","2022-12-31"
"A603","DUQUE DE CAXIAS - XEREM","RJ",-22.5897,-43.2822,22,"2002-10-21","2022-12-31"
"A604","CAMBUCI","RJ",-21.5875,-41.9583,46,"2002-11-20","2022-12-31"
"A606","ARRAIAL DO CABO","RJ",-22.9753,-42.0214,5,"2006-09-24","2022-12-31"
"A607","CAMPOS DOS GOYTACAZES","RJ",-21.7147,-41.3439,17,"2006-09-25","2022-12-31"
"A608","MACAE","RJ",-22.3761,-41.8119,28,"2006-09-22","2022-12-31"
"A609","RESENDE","RJ",-22.4514,-44.445,438.83,"2006-09-29","2022-12-31"
"A610","PICO DO COUTO","RJ",-22.4647,-43.2914,1777,"2006-10-22","2022-12-31"
"A611","VALENCA","RJ",-22.3581,-43.6956,370,"2006-09-27","2022-12-31"
"A618","TERESOPOLIS-PARQUE NACIONAL","RJ",-22.4486,-42.9869,981,"2006-11-01","2022-12-31"
"A619","PARATY","RJ",-23.2236,-44.7269,3,"2006-11-19","2022-12-31"
"A620","CAMPOS DOS GOYTACAZES - SAO TOME","RJ",-22.0417,-41.0517,7,"2008-06-13","2022-12-31"
"A621","RIO DE JANEIRO - VILA MILITAR","RJ",-22.8614,-43.4114,30.43,"2007-04-13","2022-12-31"
"A624","NOVA FRIBURGO - SALINAS","RJ",-22.3347,-42.6769,1070,"2010-09-17","2022-12-31"
"A625","TRES RIOS","RJ",-22.0983,-43.2083,295,"2016-06-08","2022-12-31"
"A626","RIO CLARO","RJ",-22.6536,-44.0409,516,"2016-06-03","2022-12-31"
"A627","NITEROI","RJ",-22.8674,-43.1021,6,"2018-07-13","2022-12-31"
"A628","ANGRA DOS REIS","RJ",-22.9756,-44.3034,6,"2017-08-25","2022-12-31"
"A629","CARMO","RJ",-21.9387,-42.6009,293,"2018-10-11","2022-12-31"
"A630","SANTA MARIA MADALENA","RJ",-21.9506,-42.0103,517,"2018-10-16","2022-12-31"
"A635","ITATIAIA","RJ",-22.3739,-44.7031,2450,"2017-09-01","2021-12-31"
"A636","RIO DE JANEIRO - JACAREPAGUA","RJ",-22.94,-43.4029,20,"2017-08-10","2022-12-31"
"A652","RIO DE JANEIRO - FORTE DE COPACABANA","RJ",-22.9883,-43.1906,25.59,"2007-05-18","2022-12-31"
"A659","SILVA JARDIM","RJ",-22.6458,-42.4156,19,"2015-08-28","2022-12-31"
"A667","SAQUAREMA - SAMPAIO CORREIA","RJ",-22.8711,-42.6089,26,"2015-09-02","2022-12-31"
"A701","SAO PAULO - MIRANTE","SP",-23.4964,-46.62,785.64,"2006-07-25","2022-12-31"
"A705","BAURU","SP",-22.3581,-49.0289,636.17,"2001-08-30","2022-12-31"
"A706","CAMPOS DO JORDAO","SP",-22.7502,-45.6038,1662.95,"2002-03-13","2022-12-31"
"A707","PRESIDENTE PRUDENTE","SP",-22.1199,-51.4086,431.92,"2003-02-04","2022-12-31"
"A708","FRANCA","SP",-20.5844,-47.3825,1002.74,"2002-12-12","2022-12-31"
"A711","SAO CARLOS","SP",-21.9804,-47.8839,859.29,"2006-09-04","2022-12-31"
"A712","IGUAPE","SP",-24.6717,-47.5458,2.7,"2006-07-20","2022-12-31"
"A713","SOROCABA","SP",-23.4261,-47.5856,609.33,"2006-08-22","2022-12-31"
"A714","ITAPEVA","SP",-23.9819,-48.8858,743.33,"2006-07-25","2022-12-31"
"A715","SAO MIGUEL ARCANJO","SP",-23.8519,-48.1647,675.68,"2006-08-15","2022-12-31"
"A716","OURINHOS","SP",-22.9489,-49.8944,443.49,"2006-08-29","2021-12-31"
"A718","RANCHARIA","SP",-22.3728,-50.9747,398.75,"2006-09-01","2022-12-31"
"A725","AVARE","SP",-23.1017,-48.9411,776.36,"2006-09-22","2022-12-31"
"A726","PIRACICABA","SP",-22.7031,-47.6233,566.46,"2006-09-26","2022-12-31"
"A727","LINS","SP",-21.6661,-49.7347,460.65,"2006-09-20","2022-12-31"
"A728","TAUBATE","SP",-23.0417,-45.5208,582.26,"2006-12-20","2022-12-31"
"A729","VOTUPORANGA","SP",-20.4033,-49.9661,510.37,"2006-12-04","2021-12-31"
"A733","JALES","SP",-20.165,-50.5951,460.44,"2007-08-22","2022-12-31"
"A734","VALPARAISO","SP",-21.3191,-50.9302,381.9,"2007-08-30","2022-12-31"
"A735","JOSE BONIFACIO","SP",-21.0857,-49.9203,408.35,"2007-09-03","2022-12-31"
"A736","ARIRANHA","SP",-21.1331,-48.8406,525.44,"2007-11-13","2022-12-31"
"A737","IBITINGA","SP",-21.8556,-48.7997,496.75,"2007-11-09","2022-12-31"
"A738","CASA BRANCA","SP",-21.7806,-47.0753,734.15,"2007-06-25","2022-12-31"
"A739","ITAPIRA","SP",-22.4151,-46.8053,634.89,"2007-11-05","2022-12-31"
"A740","SAO LUIZ DO PARAITINGA","SP",-23.2283,-45.4169,862.3,"2007-11-01","2022-12-31"
"A741","BARRA BONITA","SP",-22.4711,-48.5575,533.68,"2008-04-24","2022-12-31"
"A744","BRAGANCA PAULISTA","SP",-22.9519,-46.5306,891,"2017-12-20","2022-12-31"
"A746","BARRA DO TURVO","SP",-24.9628,-48.4164,659.89,"2008-07-03","2022-12-31"
"A747","PRADOPOLIS","SP",-21.3384,-48.114,540.41,"2008-04-22","2022-12-31"
"A748","BARRETOS","SP",-20.5592,-48.545,534.36,"2010-06-19","2022-12-31"
"A753","ITUVERAVA","SP",-20.3597,-47.7753,610.58,"2008-07-17","2022-12-31"
"A755","BARUERI","SP",-23.5239,-46.8694,776.5,"2011-03-29","2022-12-31"
"A762","DRACENA","SP",-21.4577,-51.5523,720,"2016-11-03","2022-12-31"
"A763","MARILIA","SP",-22.2352,-49.9651,660,"2017-05-15","2022-12-31"
"A764","BEBEDOURO","SP",-20.9492,-48.49,790,"2016-10-27","2021-12-31"
"A765","BERTIOGA","SP",-23.8447,-46.1433,5,"2017-02-01","2022-12-31"
"A766","REGISTRO","SP",-24.5331,-47.8641,35,"2017-02-09","2022-12-31"
"A767","SAO SEBASTIAO","SP",-23.8107,-45.4025,24,"2017-10-25","2021-12-31"
"A768","TUPA","SP",-21.9273,-50.4903,498,"2017-05-12","2022-12-31"
"A769","CACHOEIRA PAULISTA","SP",-22.689,-45.0054,586,"2017-10-20","2022-12-31"
"A770","SAO SIMAO","SP",-21.4611,-47.5794,620,"2019-07-03","2022-12-31"
"A771","SAO PAULO - INTERLAGOS","SP",-23.7245,-46.6775,771,"2018-03-14","2022-12-31"
